,g_id_right,popTot,id,avg,lamb
0,0.0,322,38,42.53833333333333,0.023508208282725387
1,1.0,13,6,115.58333333333333,0.008651766402307137
2,2.0,480,86,18.93932748538012,0.05280018526380794
3,3.0,433,214,7.715773809523809,0.1296046287367406
4,4.0,834,79,20.98447712418301,0.04765427292193887
5,5.0,106,24,39.93541666666667,0.02504042986071261
9,9.0,260,35,43.42210144927537,0.02302974675622679
11,11.0,1576,274,5.126785714285714,0.19505398815743644
12,12.0,763,74,18.691964285714285,0.05349892524480535
13,13.0,55,10,213.93333333333334,0.004674353381115612
14,16.0,52,11,112.29166666666667,0.008905380333951763
17,20.0,103,9,182.64166666666668,0.005475201898069991
18,22.0,247,26,47.98958333333333,0.020837855437377904
19,23.0,1329,203,7.584800469483569,0.1318426244729003
20,24.0,315,32,40.718333333333334,0.024558961974540543
21,25.0,92,8,129.67361111111114,0.007711669255074169
23,28.0,557,60,29.320945945945947,0.034105311671851594
24,29.0,667,262,5.684773123909249,0.1759085152922215
25,30.0,647,44,29.33896396396396,0.034084366483706295
27,32.0,931,114,12.121722846441946,0.08249652402286421
28,33.0,2780,764,1.9800824175824177,0.5050294831772459
29,34.0,1814,438,3.399164054336468,0.29418997848140177
30,35.0,1940,251,5.7581569664903,0.17366667942876832
31,36.0,417,72,21.23416666666667,0.0470939131117303
32,37.0,20,14,136.14583333333331,0.007345065034429993
35,40.0,1,6,101.47916666666667,0.009854239375898173
36,41.0,30,6,131.53125,0.007602755999049656
37,42.0,28,13,104.3875,0.009579691054963478
38,43.0,1446,186,7.560579196217493,0.13226499902286498
39,44.0,477,77,17.114406779661017,0.05843030453082446
40,45.0,341,64,23.659420289855074,0.04226646248085758
41,46.0,1454,458,3.0634416195856877,0.3264302455142736
42,47.0,1598,799,1.831285310734463,0.5460645559369095
43,48.0,1629,1127,1.3015271035598708,0.7683282178794824
44,49.0,1122,473,3.2979797979797985,0.3032159264931087
45,50.0,92,86,16.003109452736318,0.06248785606031167
46,51.0,36,18,67.91944444444445,0.014723324199419244
47,52.0,44,19,78.75757575757575,0.012697191227395153
50,56.0,14,6,493.5416666666667,0.0020261713803292527
51,57.0,11,12,94.22222222222221,0.010613207547169812
54,62.0,388,25,56.8014705882353,0.017605177993527506
55,63.0,429,29,51.735416666666666,0.019329118511657875
56,64.0,71,24,48.86184210526316,0.020465867779722632
57,65.0,527,27,61.955729166666664,0.01614055735362112
58,66.0,1340,182,8.006361323155216,0.12490068329890354
59,67.0,2088,209,6.9778311965811985,0.14331100478468894
60,68.0,2278,240,5.937037037037038,0.1684341859014348
61,69.0,1825,201,7.59527972027972,0.13166072045114513
62,70.0,1363,252,5.958563535911604,0.1678256838201205
63,71.0,891,100,16.257575757575758,0.06150978564771668
65,74.0,58,9,91.68333333333332,0.010907107798582076
68,77.0,454,70,18.929012345679013,0.05282895809554867
69,78.0,375,59,25.688492063492067,0.03892793697381632
70,79.0,29,8,178.33333333333331,0.005607476635514019
71,80.0,1583,151,10.301282051282053,0.09707529558182948
72,81.0,272,46,33.37202380952381,0.029965218942299116
73,82.0,1558,228,6.932059447983014,0.14425727411944872
74,83.0,910,134,11.514627659574469,0.0868460561265735
75,84.0,371,413,3.550108932461874,0.28168149739183795
76,85.0,506,234,5.996064814814814,0.16677604910628113
77,86.0,1353,208,7.254999999999998,0.1378359751895245
78,87.0,1502,206,7.340986394557823,0.13622147573265378
79,88.0,933,168,10.971649484536085,0.09114399812074228
80,89.0,670,79,19.309090909090905,0.05178907721280604
81,90.0,778,116,11.873168498168498,0.08422351625467588
82,91.0,219,36,38.555059523809526,0.025936933112046007
84,93.0,1107,108,12.046348314606739,0.08301270840620266
85,94.0,1036,122,11.366134751773048,0.08798065673504409
86,95.0,490,97,14.453333333333333,0.06918819188191883
87,96.0,1224,365,3.9237878787878784,0.2548557748001699
89,98.0,623,19,54.36666666666666,0.01839362354383814
90,99.0,250,10,105.20833333333333,0.009504950495049505
91,100.0,35,6,71.95833333333333,0.013896931094383325
92,103.0,130,10,140.39880952380955,0.007122567516004577
93,104.0,258,95,18.096982758620687,0.05525783017744433
94,105.0,109,22,85.4826388888889,0.01169828181485844
97,108.0,140,24,63.171875,0.015829829334652486
98,109.0,300,161,10.311507936507935,0.09697902636136234
99,110.0,1766,455,3.2496234939759034,0.30772795736299385
100,111.0,1150,363,4.288372859025032,0.23318867852068056
101,112.0,2860,420,3.5369163952225846,0.28273215656178047
102,113.0,1187,107,12.66418650793651,0.07896282950139046
103,114.0,1757,313,4.819505899705016,0.20749014957346693
104,115.0,1477,245,5.451633165829146,0.18343127088374236
105,116.0,514,99,14.820422535211268,0.06747445949156569
106,117.0,3553,750,1.98519536019536,0.5037287614361499
107,118.0,2418,813,1.8864692218350754,0.5300908111436048
109,120.0,683,55,26.340625,0.03796417131332305
110,121.0,1592,234,6.854166666666668,0.14589665653495437
111,122.0,401,36,45.878623188405804,0.021796643632773935
112,123.0,100,18,69.14583333333333,0.014462187405845135
113,124.0,73,25,58.27083333333333,0.017161244190203793
114,125.0,107,12,79.61666666666666,0.01256018421603517
115,126.0,129,22,51.716145833333336,0.01933632106349766
116,127.0,1164,115,12.654411764705882,0.07902382335851249
117,128.0,1637,207,6.694701646090534,0.14937185447001422
118,129.0,2056,301,5.137896825396826,0.19463216837227262
119,130.0,2192,294,5.020736434108527,0.19917396842552207
120,131.0,1731,8471,0.20765928764013053,4.815580421969762
121,132.0,1504,856,1.6971960167714886,0.5892071334825909
122,133.0,1773,513,3.0263772175536876,0.33042807558812193
123,134.0,2604,464,3.2489989989989985,0.3077871062158207
124,135.0,499,83,16.846354166666668,0.05936002473334363
125,136.0,2730,487,3.0181712962962957,0.33132645626414087
126,137.0,728,99,20.504006410256412,0.04877095627027238
127,138.0,428,38,30.044117647058822,0.033284385707293196
130,142.0,994,105,14.827054794520548,0.06744427763021134
131,143.0,1052,78,18.395480225988702,0.05436117936117935
132,144.0,795,76,23.820370370370373,0.04198087537899401
133,145.0,2167,1604,0.9542782738095237,1.0479123620911466
134,146.0,2301,584,2.727177554438861,0.366679462571977
135,147.0,2130,311,4.915723981900452,0.20342883442641813
136,148.0,977,81,16.754487179487178,0.05968550330948464
137,149.0,235,34,67.01302083333333,0.014922473089029652
138,150.0,2807,252,5.821171171171172,0.1717867368258144
139,151.0,939,66,29.112612612612608,0.03434937335602662
140,152.0,37,6,178.94791666666669,0.005588218173351184
142,154.0,43,10,130.57142857142858,0.007658643326039386
143,155.0,193,10,138.20833333333334,0.007235453723243895
144,156.0,461,47,28.64473684210527,0.034910427193385385
146,158.0,254,102,15.735897435897435,0.06354896529248819
147,159.0,1863,169,7.981617647058823,0.12528788576692768
148,160.0,1584,814,1.7853410341034102,0.5601170761765386
149,161.0,244,18,89.66319444444444,0.011152848236068621
151,163.0,30,9,168.825,0.005923293351103214
154,166.0,9,9,146.22916666666666,0.006838580994443654
157,171.0,598,1039,1.370288013553579,0.729773587821652
158,172.0,2434,244,6.2931201550387605,0.1589036877357764
159,173.0,2735,280,5.509729272419628,0.18149712092130516
160,174.0,2488,256,6.191287878787879,0.16151728357295808
161,175.0,1507,426,3.45,0.2898550724637681
162,176.0,26,6,234.45833333333334,0.00426515016882886
167,181.0,15,10,87.96759259259258,0.011367822746171256
169,183.0,39,13,119.70833333333334,0.00835363731291333
170,184.0,203,46,25.55769230769231,0.039127163280662146
171,185.0,1133,278,5.440025252525253,0.1838226761053731
172,186.0,229,49,30.094047619047622,0.03322916254598678
173,187.0,124,23,71.83630952380953,0.013920536934996062
174,188.0,67,10,150.46666666666667,0.00664599025254763
175,189.0,94,23,84.62878787878789,0.011816310088622325
176,193.0,1485,263,5.8844594594594595,0.1699391434148582
177,194.0,2399,505,2.8968888888888893,0.34519791347038964
178,195.0,2593,347,3.930555555555555,0.2544169611307421
179,196.0,2391,402,3.733131487889273,0.26787162553585914
180,197.0,1184,169,8.602333333333334,0.11624752973999301
181,198.0,66,48,29.636363636363637,0.03374233128834356
182,199.0,22,10,102.671875,0.009739765636889362
185,202.0,592,345,4.470188284518828,0.22370422370422371
186,203.0,1001,418,3.4611288604898833,0.2889230769230769
187,204.0,521,131,11.015463917525773,0.09078146934955546
188,205.0,48,17,61.98717948717948,0.01613236814891417
189,206.0,5,11,132.39583333333334,0.007553107789142407
190,207.0,59,23,67.50520833333334,0.014813671784584521
191,208.0,14,6,64.51666666666667,0.015499870834409714
193,210.0,95,8,207.39583333333334,0.004821697639377197
194,211.0,292,52,26.940625,0.03711866372810579
195,212.0,288,59,23.48611111111111,0.04257835600236547
197,214.0,88,22,53.53333333333334,0.0186799501867995
198,215.0,146,32,53.853070175438596,0.01856904344993281
199,216.0,384,61,21.381944444444443,0.04676843130886652
200,217.0,51,11,448.375,0.002230275996654586
201,218.0,65,7,141.19444444444446,0.007082431634861302
202,219.0,277,28,61.98437500000001,0.016133098058986637
203,220.0,64,40,29.413580246913583,0.03399790136411333
204,221.0,1547,178,8.567333333333332,0.11672243405182478
205,222.0,2025,511,2.7244556113902845,0.36704580387334773
206,223.0,2796,1096,1.3409609796596098,0.7457338544286654
207,224.0,3213,296,5.036072530864197,0.19856743402152682
208,225.0,2359,361,4.071741854636592,0.24559513733938598
209,226.0,546,97,17.333333333333336,0.05769230769230768
210,227.0,108,58,23.658514492753625,0.042268080707530915
211,228.0,2,6,338.77777777777777,0.0029517874713020664
212,229.0,20,14,84.90625,0.011777695988222304
217,234.0,8,10,123.65277777777779,0.008087161630910928
218,236.0,49,7,105.58333333333333,0.009471191791633781
219,237.0,98,18,76.86607142857143,0.013009641073295388
221,239.0,8,10,127.83928571428571,0.007822321553289565
222,240.0,4,7,143.325,0.006977149834292692
224,242.0,140,31,42.97420634920635,0.023269772380996354
225,243.0,1350,170,8.562992125984252,0.1167816091954023
226,244.0,2641,369,4.278543307086614,0.23372440763745114
227,245.0,1565,576,2.410435267857143,0.41486283134622065
228,246.0,117,18,72.64880952380952,0.013764850471118395
229,247.0,34,17,62.31249999999999,0.016048144433299903
230,248.0,6,10,94.25000000000001,0.010610079575596815
231,249.0,18,18,65.26666666666668,0.0153217568947906
236,254.0,250,43,29.97979797979798,0.03335579514824798
240,258.0,428,53,22.522644927536234,0.0443997586969636
241,259.0,358,100,14.442777777777776,0.06923875831826751
242,260.0,52,15,101.9875,0.00980512317685991
243,261.0,430,32,44.56349206349206,0.022439893143365985
244,262.0,468,36,40.78685897435897,0.024517700679737537
245,263.0,1547,171,7.985074626865671,0.1252336448598131
246,264.0,1235,188,7.58595571095571,0.13182254657192244
247,265.0,808,151,10.555964052287582,0.09473317596068263
248,266.0,3304,1094,1.3115875912408759,0.7624347826086957
249,267.0,2867,221,6.850104821802934,0.1459831675592961
250,268.0,3040,640,2.3431425485961124,0.4267772784883051
251,269.0,3066,659,2.2149931693989067,0.451468660858839
252,270.0,2828,978,1.5491391678622668,0.6455197962491318
253,271.0,884,137,10.795792079207922,0.0926286827926172
254,272.0,7,7,417.9375,0.002392702258112756
255,273.0,6,8,175.96666666666664,0.0056828944875923475
256,275.0,89,8,222.1111111111111,0.004502251125562782
257,278.0,190,24,64.28846153846155,0.015554890816631766
258,279.0,410,60,20.058333333333334,0.04985459077690071
259,280.0,300,42,34.86494252873563,0.028682106651281628
260,281.0,313,133,11.535256410256412,0.0866907474298416
261,282.0,46,22,52.625,0.019002375296912115
262,283.0,49,14,67.12152777777777,0.014898349800838033
267,288.0,87,11,126.66071428571429,0.007895107852812631
268,289.0,92,26,53.42824074074074,0.018716693384168797
269,290.0,49,6,143.95833333333331,0.00694645441389291
271,292.0,6,6,213.0,0.004694835680751174
272,293.0,17,7,112.70833333333333,0.008872458410351202
273,294.0,36,9,130.83854166666669,0.007643007842044504
274,295.0,119,8,104.55555555555554,0.009564293304994687
275,296.0,878,169,8.06171679197995,0.12404305755255896
276,297.0,1644,326,4.637681159420289,0.21562500000000004
277,298.0,1358,324,4.2934782608695645,0.23291139240506334
278,299.0,1243,292,5.057945736434109,0.19770872447220197
279,300.0,17,26,48.55555555555556,0.020594965675057208
280,301.0,53,37,36.668103448275865,0.02727165863406606
283,306.0,47,11,108.46875,0.009219245174301354
286,310.0,34,8,145.52777777777777,0.006871540370299676
287,311.0,72,8,182.34375,0.005484147386461011
288,313.0,421,61,27.797008547008545,0.03597509416557768
289,314.0,1219,267,5.470538720538721,0.18279735343899062
290,315.0,274,1060,1.4364735907678652,0.6961492410490131
291,317.0,540,57,25.23015873015873,0.03963510537905002
292,318.0,2407,409,3.6251388888888885,0.27585149994253094
293,319.0,526,283,5.1632447665056365,0.1936766597793458
294,320.0,1933,307,4.9703746177370025,0.20119207844645262
295,321.0,2066,184,7.8357843137254894,0.12761964341570223
296,322.0,2652,361,4.252287581699346,0.2351675376575469
297,323.0,2395,235,6.6135670731707314,0.15120433329491761
298,324.0,2546,435,3.790214866434378,0.2638372850193435
299,325.0,536,49,33.27473958333333,0.030052827235374686
300,326.0,246,50,28.70023148148148,0.034842924547324274
301,327.0,13,8,218.51041666666669,0.004576440863803212
302,328.0,29,10,117.75,0.008492569002123142
303,329.0,17,9,41.708333333333336,0.023976023976023976
304,331.0,24,6,103.1111111111111,0.009698275862068966
305,332.0,41,38,45.09420289855072,0.022175799453639726
306,333.0,29,17,88.62152777777777,0.011283939975708186
307,335.0,583,78,20.17978395061728,0.049554544411730975
308,336.0,1359,213,6.366421568627452,0.15707410972088545
309,337.0,656,175,8.253498727735368,0.12116073837142088
310,338.0,1189,232,6.496756487025949,0.15392296171127923
311,339.0,121,18,79.08680555555554,0.012644334196777452
312,340.0,53,12,114.63020833333331,0.008723703939297561
314,342.0,24,8,62.56944444444445,0.015982241953385126
316,345.0,33,8,481.35416666666663,0.002077472408569574
319,350.0,18,7,152.47222222222223,0.006558571688832209
320,351.0,28,14,82.025,0.012191405059433098
322,353.0,42,12,70.0324074074074,0.014279103589607987
324,355.0,30,16,63.357142857142854,0.015783540022547914
325,356.0,323,44,31.604797979797983,0.031640765450840956
327,358.0,46,8,252.30555555555554,0.003963448199933943
328,359.0,19,16,71.72115384615384,0.013942887786566565
329,361.0,22,14,173.9375,0.005749191519942508
330,362.0,39,11,102.57870370370371,0.009748612176738728
331,363.0,64,12,71.60648148148148,0.0139652162668908
332,364.0,27,8,145.19166666666666,0.006887447626700339
338,371.0,44,14,94.0324074074074,0.010634631480478558
339,372.0,224,236,6.846174004192872,0.146066985645933
340,373.0,1205,303,5.748677248677248,0.17395306028531984
341,374.0,731,149,11.292534722222221,0.08855407794603737
342,375.0,271,45,32.5625,0.030710172744721688
344,377.0,885,352,5.007237871674492,0.19971090362151814
345,378.0,4265,1446,0.959653092006033,1.0420432220039295
346,379.0,3278,868,1.7837726523887973,0.5606095589933041
347,380.0,4367,532,2.90091599642538,0.34471870306904384
348,381.0,3802,820,1.8454415954415957,0.5418757236588189
349,382.0,3240,352,4.524204702627939,0.2210333231427698
350,383.0,1653,347,4.311838624338624,0.23191962573817013
351,384.0,477,122,11.554211469534051,0.08654852844235914
352,385.0,19,7,178.025,0.005617188597107148
353,386.0,131,66,21.959183673469386,0.04553903345724907
354,387.0,20,6,178.74166666666667,0.005594666418014826
356,389.0,117,7,173.8125,0.005753326141675656
359,392.0,2,6,98.45833333333334,0.010156580617858653
360,393.0,53,17,89.56249999999999,0.011165387299371948
362,395.0,278,86,15.958974358974361,0.06266066838046272
363,396.0,717,82,18.6867816091954,0.05351376287867139
366,399.0,56,10,93.38194444444446,0.010708708262065887
368,402.0,55,17,107.55833333333332,0.00929728054544046
369,403.0,290,31,43.932291666666664,0.02276229994072318
370,404.0,1717,181,7.755357142857143,0.12894312687082662
376,410.0,45,8,142.39583333333334,0.007022677395757132
379,414.0,69,8,156.30208333333334,0.00639786737754082
382,417.0,14,14,136.67261904761907,0.007316754496755367
385,420.0,28,9,63.22222222222223,0.01581722319859402
387,422.0,64,7,148.375,0.006739679865206402
389,425.0,141,24,74.17559523809523,0.013481523091120653
391,428.0,180,60,26.16260162601626,0.0382224984462399
392,429.0,134,39,39.36217948717949,0.02540509730477974
393,430.0,1121,131,10.893939393939394,0.09179415855354658
394,431.0,2590,546,2.852471566054243,0.35057317026415674
395,432.0,616,120,15.141203703703702,0.0660449472557713
397,434.0,26,11,94.43518518518519,0.010589273458182174
398,435.0,13,25,54.013888888888886,0.01851375674980715
399,436.0,3606,580,2.67014742014742,0.3745111571198528
400,437.0,3470,2661,0.6002367424242425,1.666009308195945
401,438.0,2424,463,2.9806014692378326,0.3355027534948204
402,439.0,4544,1424,1.0297904670505438,0.9710713314953598
403,440.0,3817,697,2.113872644574399,0.47306539614231924
404,441.0,2195,415,3.66273849607183,0.27301976405699396
405,442.0,1910,254,6.087523277467411,0.16427041908840626
406,443.0,473,33,43.20166666666666,0.023147255121330198
410,447.0,12,40,47.17028985507247,0.021199784929718104
412,449.0,117,31,47.13825757575757,0.02121419100807586
413,450.0,25,10,146.86111111111111,0.006809154529979194
414,451.0,9,9,234.16666666666666,0.004270462633451958
415,452.0,35,11,106.7875,0.009364391899801008
417,454.0,8,8,123.975,0.008066142367412786
418,455.0,461,58,20.255681818181824,0.0493688639551192
419,456.0,239,34,46.7171052631579,0.021405435854105054
420,457.0,33,6,207.20833333333334,0.004826060727930826
424,461.0,24,8,159.27083333333334,0.006278613472858077
426,463.0,105,24,103.47916666666666,0.00966378095429837
428,466.0,159,17,74.9551282051282,0.013341315316856239
431,470.0,26,12,143.99404761904762,0.006944731511719235
432,471.0,44,6,167.7,0.005963029218843173
433,472.0,7,7,329.6944444444445,0.003033111466846406
434,473.0,117,27,53.8311403508772,0.018576608139487513
436,475.0,87,16,71.17307692307692,0.01405025668738179
437,476.0,191,57,28.89414414414415,0.034609088783225495
438,477.0,88,36,37.310344827586206,0.026802218114602587
439,478.0,143,26,51.583333333333336,0.01938610662358643
440,479.0,195,73,20.888621794871792,0.047872952549004574
441,480.0,150,39,39.23765432098766,0.025485723275387395
442,481.0,247,37,37.18827160493827,0.0268901983567101
443,482.0,1230,244,6.063780260707635,0.16491362763915546
444,483.0,1546,172,9.501106194690266,0.10525090231691699
445,484.0,372,46,33.27916666666666,0.03004882934769
447,486.0,403,141,11.09765625,0.09010911650827173
448,487.0,2413,761,1.9669251824817517,0.508407746723878
449,488.0,45,29,45.11875,0.022163734589278294
450,489.0,2363,724,2.0201310861423223,0.49501738122827343
451,490.0,5625,1494,1.0169036334913113,0.9833773496970638
452,491.0,2703,521,2.769230769230769,0.3611111111111111
453,492.0,3095,346,4.571778711484593,0.21873324653442602
454,493.0,2955,477,3.1677599611273077,0.3156804847183342
455,494.0,305,142,12.785784313725491,0.07821186213242341
456,495.0,589,104,17.330645161290324,0.057701256398324796
457,496.0,52,104,13.734508547008545,0.07280930341099141
458,497.0,3,7,121.34027777777776,0.008241286556401306
461,501.0,4,10,148.18333333333334,0.0067483972556517825
463,504.0,32,7,128.425,0.007786645902277593
464,505.0,51,14,110.34259259259258,0.009062683561298985
465,506.0,239,25,55.0625,0.018161180476730987
466,507.0,490,75,20.35377358490566,0.04913093858632677
468,509.0,118,20,66.99166666666667,0.014927229754944643
469,510.0,158,30,46.97916666666667,0.0212860310421286
470,511.0,19,21,76.99107142857143,0.012988519076887394
471,512.0,29,24,39.08333333333333,0.025586353944562903
472,513.0,25,159,10.628300330033005,0.09408842137949772
473,514.0,331,148,10.273412698412697,0.09733863803159644
474,515.0,408,105,14.66554054054054,0.0681870536742686
475,516.0,106,78,22.263020833333332,0.044917534214528015
477,519.0,16,7,176.13541666666666,0.005677449878762789
478,520.0,108,28,48.9563492063492,0.020426359730890818
481,523.0,57,10,123.73214285714286,0.008081974310867369
482,524.0,17,8,47.11666666666666,0.021223912274495934
483,525.0,10,32,43.01909722222223,0.023245490132773716
484,526.0,56,9,330.6666666666667,0.0030241935483870967
485,527.0,27,19,62.05059523809524,0.016115880857595088
486,528.0,37,11,88.71354166666667,0.011272236247284682
487,529.0,105,21,55.870370370370374,0.017898574743122307
489,531.0,62,20,64.025,0.01561889886762983
490,532.0,94,17,68.25347222222221,0.014651269267945263
493,537.0,625,76,20.9109477124183,0.047821840203164684
494,538.0,965,254,5.973066298342541,0.16741819863568044
495,539.0,7446,1630,0.9524710596616207,1.0499006661213042
496,540.0,1835,2533,0.9017454954954955,1.1089603496721823
497,541.0,3656,2898,0.5000199936020473,1.999920028789636
498,542.0,3136,554,2.6309523809523814,0.3800904977375565
499,543.0,2624,357,4.107889733840304,0.24343399282656486
500,544.0,298,35,36.70982142857143,0.02724066642344643
501,546.0,4,10,108.76666666666668,0.009193993257738276
504,552.0,34,8,110.9513888888889,0.009012956124428866
510,558.0,1970,508,2.920945945945946,0.34235484617164
511,559.0,984,474,3.007776230269266,0.3324715415782366
512,560.0,598,107,12.199509803921568,0.08197050669023989
516,564.0,119,21,100.1375,0.009986268880289601
517,565.0,242,77,18.989583333333336,0.05266044980800877
518,566.0,106,17,60.329545454545446,0.016575626294970808
519,567.0,50,12,138.35714285714283,0.0072276716572018595
520,568.0,9,6,116.04166666666667,0.008617594254937163
521,569.0,56,6,81.20833333333333,0.012314007183170857
522,570.0,57,24,61.1015625,0.016366193581383456
523,572.0,213,49,25.27708333333333,0.03956152641556087
524,573.0,246,54,21.05319148936171,0.0474987367357251
525,574.0,192,44,29.018518518518515,0.03446075303126995
526,575.0,173,19,87.30208333333333,0.011454480372270613
529,578.0,123,14,93.07575757575756,0.010743936187530523
530,579.0,48,14,107.16203703703704,0.009331662850477384
531,582.0,997,268,5.832207207207206,0.1714616721374783
532,583.0,11159,2639,0.5930063706201986,1.6863225245862792
533,584.0,14162,2747,0.5649883949294768,1.7699478590614632
534,585.0,9635,3328,0.48686762880198636,2.053946372365433
535,586.0,2258,1920,0.7367358708189158,1.3573385518591
536,587.0,1456,10771,0.21069884470905098,4.746110503742326
537,588.0,1959,248,6.086126629422718,0.16430811596420106
538,589.0,71,7,43.375,0.023054755043227664
540,591.0,5,9,125.87499999999999,0.00794438927507448
545,597.0,52,16,85.24242424242422,0.011731247778172773
546,598.0,98,9,136.5297619047619,0.0073244103413698395
550,603.0,107,8,325.27777777777777,0.0030742954739538856
551,604.0,599,72,20.17238562091503,0.04957271880442267
552,605.0,14,6,135.26041666666666,0.0073931459376203315
554,607.0,49,16,101.7202380952381,0.009830885364854583
556,609.0,56,23,61.24264705882353,0.016328490815223917
558,611.0,358,71,22.469858156028366,0.04450406375759489
559,612.0,1577,181,8.252564102564103,0.12117446015224484
560,613.0,415,37,38.14506172839506,0.026215713245408202
561,615.0,75,8,306.52777777777777,0.0032623470774807433
564,618.0,11,7,116.49999999999999,0.008583690987124465
567,621.0,43,376,4.281824146981628,0.2335453221975327
568,622.0,1123,3382,0.5104623760767106,1.9590082381501968
569,623.0,16850,3786,0.42909447194719474,2.330489123903377
570,624.0,13587,2219,0.6943715846994535,1.4401510978200993
571,625.0,4275,2982,0.6996021220159151,1.4293838862559243
572,626.0,2484,628,2.388980868285504,0.41858853424710274
573,627.0,2196,358,4.124841571609633,0.2424335535412505
574,628.0,1800,269,5.541015625,0.18047232992597814
575,629.0,4,8,123.04166666666667,0.008127328140873687
577,631.0,134,27,50.34166666666667,0.01986426088395961
583,638.0,127,6,170.275,0.005872852738217589
584,639.0,1137,260,5.333952145214521,0.18747824741869368
585,640.0,1145,268,5.347701149425288,0.18699623858140782
586,641.0,297,37,38.34057971014492,0.026082026082026085
587,642.0,24,6,255.58333333333331,0.003912618193674601
588,643.0,17,10,277.625,0.0036019810895992796
589,644.0,130,11,170.00833333333335,0.005882064604676241
590,645.0,32,9,119.609375,0.00836054866100588
591,646.0,105,31,40.939236111111114,0.024426445019295192
592,647.0,2,24,48.49583333333333,0.020620328206890626
593,648.0,30,63,24.861111111111107,0.040223463687150844
594,649.0,917,224,6.5104790419161676,0.15359852839733273
595,650.0,336,106,12.935763888888888,0.07730505972352705
597,652.0,2,7,225.79166666666669,0.0044288614135449345
598,653.0,25,17,104.59166666666667,0.00956099115608318
599,654.0,21,28,53.35677083333333,0.01874176387329787
601,656.0,17,17,117.08854166666666,0.008540545349406166
602,657.0,1,6,327.6875,0.0030516879649055886
603,658.0,177,17,69.9315476190476,0.014299697833766015
604,659.0,362,45,37.14798850574713,0.026919357957841807
605,660.0,398,47,28.482638888888896,0.03510910642447884
606,661.0,35,98,19.168238993710695,0.05216963333606758
607,662.0,1227,862,1.7185509554140128,0.5818855686819551
608,663.0,6456,37283,0.06708962793899213,14.905433682078975
609,664.0,15881,3134,0.5075867635189669,1.9701065352202258
610,665.0,10914,7084,0.2379354426334292,4.202820685023506
611,666.0,4978,872,1.7309333333333332,0.5777230010784163
612,667.0,3584,1349,1.2172417043740573,0.8215295256534366
613,668.0,3214,791,1.8407155025553663,0.5432670060157334
614,669.0,1422,256,5.3169934640522865,0.18807621389059623
616,671.0,3,6,141.05555555555557,0.007089405277668373
618,675.0,61,18,89.10606060606061,0.011222581193674544
622,682.0,321,25,49.372807017543856,0.02025406413786977
623,683.0,1602,264,5.525169204737733,0.1809899322436167
624,684.0,1560,654,2.3593863471314456,0.42383902119964595
625,685.0,798,120,10.785416666666668,0.0927177902259996
626,686.0,83,6,244.5625,0.004088934321492461
627,687.0,21,11,100.61574074074075,0.009938802742373349
628,688.0,126,20,65.94940476190477,0.0151631391308272
629,689.0,8,6,151.52083333333334,0.006599752509280902
630,690.0,958,271,5.393864013266999,0.1853958493466564
631,691.0,97,27,50.408730158730165,0.019837833582618276
632,692.0,4,14,69.43981481481482,0.014400960064004265
634,694.0,75,12,91.07916666666668,0.010979459261631363
635,695.0,414,33,46.98913043478261,0.021281517464723572
637,697.0,1807,249,5.482142857142857,0.18241042345276876
638,698.0,1765,328,4.684806034482759,0.21345600920069005
639,699.0,2475,553,2.762468030690537,0.3619951394514524
640,700.0,2268,467,3.2590361445783134,0.3068391866913124
641,701.0,1015,195,7.453196347031962,0.13417062337264515
642,702.0,613,135,10.948883161512025,0.09133351641884736
643,703.0,88,35,39.82532051282051,0.025109653535069013
644,704.0,1089,171,8.163220551378448,0.12250067160455921
645,705.0,1591,244,6.364522417153996,0.15712098009188363
646,706.0,1663,301,4.953030303030303,0.20189660446619762
647,707.0,1006,211,7.326013513513513,0.13649988471293523
648,708.0,7742,1542,1.0302083333333334,0.9706774519716885
649,709.0,19763,5115,0.3225938224752266,3.0998733711858177
650,710.0,19938,3722,0.4349143334726285,2.299303386980543
651,711.0,14970,2818,0.5557898436127219,1.7992412266835283
652,712.0,15563,4272,0.37919884761554495,2.6371388159224085
653,713.0,3935,913,1.6080476900149032,0.6218721037998146
654,714.0,3336,433,3.5693521594684388,0.2801628853984875
655,715.0,1003,141,11.390350877192981,0.08779360800924144
656,716.0,8,7,295.40277777777777,0.0033852085194414406
658,718.0,20,6,165.55208333333334,0.006040395142515573
659,719.0,12,7,147.39583333333331,0.006784452296819789
663,723.0,25,11,91.36458333333334,0.01094516018697982
668,728.0,73,9,128.78571428571428,0.007764836383804771
669,729.0,364,49,27.86547619047619,0.03588670055966164
670,730.0,158,21,61.675,0.016214025131738957
671,731.0,843,127,11.724637681159422,0.08529048207663781
672,732.0,255,46,29.671428571428564,0.03370245546461243
673,733.0,76,16,73.59821428571429,0.013587286182215212
674,734.0,12,15,67.22916666666666,0.014874496436318564
675,735.0,963,57,22.50609756097561,0.044432403142779735
676,736.0,2697,469,3.0468455743879472,0.3282082979216565
677,737.0,1553,270,5.45625,0.18327605956471937
679,740.0,102,24,65.87239583333334,0.015180865783751727
680,741.0,1518,213,6.8550955414012735,0.145876887340302
681,742.0,2332,701,2.081399097356544,0.48044606210795326
682,743.0,1830,194,7.738179669030733,0.1292293591995723
683,744.0,621,111,12.731927710843376,0.07854270167967825
684,745.0,1282,359,4.205598455598456,0.23777828781271515
685,746.0,2575,957,1.5777818448023426,0.6338011831574063
686,747.0,1699,247,6.167140151515152,0.1621497120921305
687,748.0,1903,531,2.742003367003367,0.3646968534151957
688,749.0,5120,1348,1.1833700440528634,0.8450442066077245
689,750.0,3082,558,2.722535505430242,0.3673046680219402
690,751.0,2991,794,1.6633974358974357,0.6011792361940731
691,752.0,3200,802,1.9357825567502984,0.5165869464588799
692,753.0,4163,1231,1.2690910875539854,0.787965505239955
693,754.0,3778,668,2.1916325835037496,0.4562808599976672
694,755.0,1872,367,4.4710219478738,0.2236625119846596
695,756.0,4638,735,2.112329434697856,0.4734110047294959
696,757.0,9297,2162,0.7391707204076904,1.3528674396740836
697,758.0,8367,1940,0.8182515337423313,1.2221180880974696
698,759.0,7932,1140,1.3004227053140096,0.7689807290457396
699,760.0,11537,2997,0.5326822256046,1.8772918485594097
700,761.0,6153,4565,0.37021193563880883,2.7011554834786136
701,762.0,5430,1321,1.174006199854121,0.8517842581446823
702,763.0,3785,504,3.084283000949668,0.3242244630898314
703,764.0,1476,245,5.726158645276292,0.17463714541421846
705,766.0,2,8,209.70833333333334,0.004768527717067355
707,768.0,68,17,72.50347222222221,0.013792442890666157
712,773.0,37,8,173.13888888888889,0.0057757099310123535
714,777.0,155,51,51.99122807017544,0.019234013834992406
715,778.0,251,17,93.77651515151516,0.010663650684654845
716,779.0,130,27,47.01041666666667,0.021271881231996453
718,781.0,8,8,140.925,0.007095973035302465
722,785.0,1566,351,4.161196911196911,0.24031547204824866
723,786.0,2138,1378,1.1710693536673926,0.8539203906825319
724,787.0,950,140,9.456018518518519,0.10575275397796817
726,789.0,563,69,20.124228395061728,0.049691346190713546
727,790.0,2402,301,4.734534206695779,0.2112140194458322
728,791.0,1288,133,10.245592948717947,0.09760294060141557
729,792.0,1172,118,11.523550724637682,0.08677880836346485
731,794.0,729,143,10.174454828660432,0.09828536436007353
732,795.0,2051,393,3.9207280385078223,0.25505467101477075
733,796.0,2649,322,4.36144578313253,0.2292817679558011
734,797.0,2349,933,1.5196596244131457,0.6580420930681598
735,798.0,1995,342,4.417857142857143,0.22635408245755861
736,799.0,1540,372,4.066853233830845,0.2458903585901063
737,800.0,4091,1114,1.4157370953630795,0.706345834459851
738,801.0,3203,441,3.4543650793650795,0.28948879954049395
739,802.0,3912,678,2.2040729379686432,0.4537054934859087
740,803.0,5330,1446,1.020634541984733,0.9797826341007362
741,804.0,4217,1053,1.4034830729166667,0.712513046503537
742,805.0,4205,709,2.137409598948061,0.4678560442940633
743,806.0,4504,2456,0.6617708333333333,1.511097119471116
744,807.0,5248,936,1.5873103279490943,0.6299965308561076
745,808.0,2975,929,1.6826973001038423,0.5942839510934547
746,809.0,879,339,4.439128943758574,0.22526941944455173
747,810.0,4358,1535,0.9345654709827937,1.0700159925108244
748,811.0,5174,1793,0.7737575757575756,1.2923944544528865
749,812.0,3426,623,2.3666119620714805,0.4225449782332319
750,813.0,2499,703,2.1475694444444446,0.465642683912692
751,814.0,808,110,13.111286919831224,0.07627016372339997
754,817.0,13,9,322.0,0.003105590062111801
758,824.0,14,13,117.66666666666664,0.008498583569405102
763,833.0,421,45,27.467592592592595,0.03640653969324119
764,834.0,1222,468,3.0898809523809527,0.32363706414948945
765,835.0,1601,539,2.7219430485762146,0.36738461538461537
766,836.0,299,4203,0.35779869827986976,2.7948676303394517
767,837.0,34,8,85.00000000000001,0.01176470588235294
768,838.0,1093,191,7.589452214452213,0.13176181518025112
769,839.0,2400,829,1.8445348173515985,0.5421421111669824
770,840.0,1298,235,6.059823091247672,0.16502131909499482
771,841.0,21,13,95.11666666666666,0.010513404590853339
772,842.0,1907,281,5.784352836879433,0.17288018698034407
773,843.0,4462,681,2.1078145265888457,0.4744250442273671
774,844.0,1539,397,3.6145833333333335,0.27665706051873196
775,845.0,4024,1033,1.4174901185770752,0.7054722899965145
776,846.0,2739,400,3.83613074204947,0.26067933218192285
777,847.0,4271,834,1.9402304009575104,0.5154027065581988
778,848.0,3396,1345,1.187707182320442,0.8419583672520061
779,849.0,2047,326,4.578723404255319,0.2184014869888476
780,850.0,916,152,9.851246105919,0.10151000079057637
781,851.0,3564,831,1.7868536853685368,0.5596429121132831
782,852.0,2057,625,2.4319880418535123,0.4111862323294408
783,853.0,3894,1833,0.8206730769230769,1.2185120093731694
784,854.0,677,287,5.459589614740369,0.1831639501438159
785,855.0,4056,752,1.939523381294964,0.515590587689811
786,856.0,5442,1495,1.0178628010139417,0.9824506790147477
787,857.0,3270,484,3.2307121661721068,0.3095292766934558
788,858.0,2,11,118.15624999999999,0.008463369478973817
789,859.0,180,20,70.38461538461539,0.014207650273224043
791,861.0,90,11,138.29761904761907,0.007230782473960574
792,862.0,161,33,53.14473684210527,0.018816538747214655
793,863.0,67,14,67.27314814814815,0.014864771867042872
800,875.0,41,10,94.41666666666666,0.01059135039717564
801,876.0,91,15,150.76388888888889,0.0066328880700138185
802,877.0,99,16,71.83928571428571,0.013919960228685063
804,880.0,24,19,81.2,0.01231527093596059
805,881.0,495,118,10.43375,0.0958428177788427
806,882.0,141,181,8.259294871794872,0.12107571112577128
808,885.0,697,57,22.046768707482993,0.045358120877849344
809,886.0,1885,195,7.714154411764706,0.1296318360538544
811,888.0,133,85,15.64863184079602,0.06390335015697651
812,889.0,180,43,41.371794871794876,0.02417105670901766
813,890.0,351,93,16.76171875,0.059659752971335356
814,891.0,1088,138,11.210526315789474,0.0892018779342723
815,892.0,475,88,18.37284482758621,0.054428152492668615
816,893.0,563,254,5.713652482269503,0.17501939487975177
817,894.0,2862,947,1.574013157894737,0.6353187042842214
818,895.0,6005,1678,0.9117165242165244,1.0968321549939453
819,896.0,4845,1126,1.365388677651035,0.732392187197834
820,897.0,8705,1910,0.774951550387597,1.2904032510159422
821,898.0,3210,560,2.789939550949913,0.35843070494467233
822,899.0,4316,1632,0.9559895833333335,1.0460365023154452
823,900.0,394,249,6.5504518072289155,0.15266122542821015
824,901.0,682,208,7.040570175438597,0.14203395109795983
825,902.0,5231,1174,1.2592701014832162,0.7941108097636576
826,903.0,629,119,12.585784313725489,0.07945472249269718
828,905.0,73,16,100.06018518518518,0.009993985101559247
829,906.0,408,43,32.252873563218394,0.031004989308624373
833,913.0,18,8,122.51041666666667,0.008162571209931128
834,914.0,319,237,6.337524654832348,0.15779031316864423
835,915.0,726,65,19.86320754716981,0.050344336262170504
840,920.0,21,9,86.8452380952381,0.011514736120630567
841,924.0,125,6,232.83333333333331,0.004294917680744453
842,925.0,6,11,110.97222222222223,0.009011264080100124
843,926.0,775,99,14.231359649122808,0.07026735495800908
845,928.0,32,13,111.79629629629629,0.008944840152393574
846,929.0,62,14,98.95833333333333,0.010105263157894737
847,930.0,27,33,51.583333333333336,0.01938610662358643
848,931.0,100,21,70.22569444444444,0.014239802224969098
849,932.0,20,15,105.40104166666667,0.009487572268616889
850,933.0,768,199,7.7723429951690814,0.12866133167586047
851,934.0,1535,325,4.697557471264369,0.21287658663404185
852,935.0,1186,152,9.03062678062678,0.11073428503825222
853,936.0,2288,355,4.133110687022901,0.2419485166801339
854,937.0,5683,1173,1.2329415137614679,0.8110684804092547
855,938.0,1997,650,2.4801678108314262,0.4031985237582654
856,939.0,13,104,12.227678571428571,0.08178167214311793
857,940.0,4331,835,1.9419802867383513,0.5149382858461183
858,941.0,2857,752,1.9865196078431373,0.5033929673041332
859,942.0,12,17,167.41666666666669,0.005973120955699352
862,946.0,85,11,168.14583333333334,0.005947218436377152
863,947.0,357,38,37.27314814814815,0.026828965345919758
864,948.0,45,25,41.76811594202899,0.023941707147814014
868,954.0,13,6,85.25833333333333,0.011729058743035873
874,962.0,13,13,123.31770833333333,0.008109135447903029
878,967.0,64,13,131.81770833333331,0.007586234145955985
879,968.0,522,79,18.094298245614034,0.05526602836019877
880,969.0,58,7,260.6875,0.0038360105490290097
881,970.0,143,24,56.296052631578945,0.01776323477854388
882,971.0,90,19,68.1577380952381,0.01467184839089996
885,974.0,2,13,110.22685185185186,0.009072199588390943
886,975.0,569,62,19.26620370370371,0.05190436140814608
887,976.0,6894,1757,0.8908249860879245,1.1225549525631513
888,977.0,1456,566,2.6590073529411766,0.37608019357068784
889,978.0,1410,424,3.4406847133757963,0.2906398241351383
890,979.0,5390,1800,0.85546875,1.1689497716894977
891,980.0,5843,2075,0.7651569614186438,1.30692139054181
892,981.0,597,135,10.936447811447811,0.09143736771214162
893,982.0,3,6,188.54999999999998,0.005303632988597189
895,984.0,2021,248,6.1491477272727275,0.16262416262416263
896,985.0,1573,238,6.211904761904761,0.16098121885779995
897,986.0,40,9,123.41071428571426,0.008103024164375635
899,988.0,752,429,3.612679955703211,0.2768028201394743
900,989.0,743,159,10.576797385620916,0.09454657809361965
901,990.0,320,41,20.72747747747748,0.04824513745517766
909,1001.0,16,6,204.475,0.004890573419733464
911,1003.0,15,8,53.125,0.018823529411764704
915,1008.0,121,23,65.325,0.015308075009567546
916,1009.0,114,15,85.60416666666667,0.011681674373326843
917,1010.0,189,45,32.696614583333336,0.03058420612480586
918,1011.0,184,30,44.835227272727266,0.02230389050817387
919,1012.0,30,6,121.42708333333334,0.0082353950416059
920,1013.0,87,32,49.719298245614034,0.020112914608327453
922,1015.0,1152,230,5.959953703703703,0.1677865382374646
923,1016.0,2514,684,2.2210219478737994,0.4502431869065082
924,1017.0,4947,1706,0.9320194541231126,1.0729389773745084
925,1018.0,2636,464,3.1346618357487928,0.31901367751878246
926,1019.0,5724,2328,0.6872434651112552,1.4550884086444005
927,1020.0,497,107,14.093201754385964,0.07095619699681009
929,1023.0,92,11,105.97916666666667,0.009435816787890702
930,1024.0,39,18,92.20000000000002,0.010845986984815616
931,1025.0,672,794,1.9370885697187317,0.5162386561112183
932,1026.0,1276,359,4.161698717948718,0.24028649543686706
933,1027.0,398,60,25.233134920634917,0.03963043050914095
935,1029.0,107,20,55.6904761904762,0.017956391620350575
936,1030.0,1233,265,5.413764510779435,0.1847143513554909
937,1031.0,125,17,91.10227272727273,0.010976674566546088
938,1032.0,106,27,66.3,0.015082956259426848
939,1033.0,460,63,19.97248427672956,0.050068884077937414
940,1034.0,25,8,244.51041666666666,0.004089805308226473
942,1036.0,395,27,42.12499999999999,0.023738872403560835
943,1037.0,152,16,85.53333333333333,0.011691348402182385
944,1038.0,7,8,91.46428571428571,0.010933229207340883
946,1042.0,58,10,112.52777777777777,0.008886694643297952
947,1043.0,52,6,217.23611111111111,0.004603286234895467
948,1044.0,24,9,62.38095238095237,0.01603053435114504
949,1045.0,80,7,175.85000000000002,0.005686664771111742
950,1046.0,103,15,84.45138888888889,0.011841131485897542
951,1047.0,98,11,119.97222222222221,0.008335262792313036
952,1048.0,13,6,191.44166666666666,0.005223523266443216
953,1050.0,6,6,139.56666666666666,0.007165034631000717
954,1051.0,19,7,238.0,0.004201680672268907
956,1053.0,966,113,13.975108225108224,0.07155579648416326
957,1054.0,3936,810,1.9313725490196079,0.5177664974619289
958,1055.0,5686,1176,1.2808273667462213,0.7807453416149067
959,1056.0,3012,897,1.6429751016260163,0.6086519503614644
960,1057.0,1588,449,3.5836101882613507,0.27904820766378247
961,1058.0,1957,468,3.263091641490433,0.3064578350435923
962,1059.0,1395,320,4.541841004184101,0.220175034546292
963,1060.0,544,65,21.637499999999996,0.04621606008087811
964,1062.0,489,28,46.553030303030305,0.02148087876322213
965,1063.0,476,50,27.124999999999993,0.036866359447004615
966,1064.0,51,8,320.98611111111114,0.003115399593267275
970,1068.0,64,18,132.79166666666669,0.007530593034201442
971,1069.0,38,9,152.375,0.006562756357670222
973,1071.0,105,15,80.13257575757576,0.012479319309855824
974,1072.0,75,16,103.35185185185185,0.009675685361046408
975,1073.0,3,154,7.954081632653061,0.12572161642078256
977,1075.0,22,11,101.2037037037037,0.00988106129917658
980,1080.0,45,10,27.720238095238095,0.036074726218595664
983,1084.0,48,7,326.2083333333333,0.003065525609911866
984,1085.0,22,12,126.07142857142858,0.007932011331444758
985,1086.0,55,12,58.29761904761905,0.0171533591995099
986,1087.0,1424,100,12.895061728395062,0.07754906653901389
987,1088.0,1861,299,4.987015503875969,0.20052073213383592
988,1089.0,1192,199,7.20557395143488,0.13878144985256383
989,1090.0,3724,1046,1.3769739650021338,0.7262301433552888
990,1091.0,4050,981,1.4754667577413476,0.6777516299525482
991,1092.0,4471,1044,1.4086056644880174,0.7099218931250484
992,1093.0,8918,2862,0.5449697754749567,1.8349641484768058
993,1094.0,3719,1163,1.2975975070365904,0.7706549947708873
994,1095.0,538,95,15.635265700483087,0.06395797929862508
995,1096.0,509,267,5.4982993197278915,0.18187442004330343
996,1097.0,2175,424,3.4955645161290323,0.28607682547006574
997,1098.0,1033,136,12.449612403100774,0.08032378580323786
998,1099.0,182,21,67.2265625,0.014875072632190588
1000,1101.0,21,6,267.2708333333333,0.0037415231117000547
1002,1103.0,109,15,87.20833333333333,0.011466794075489728
1009,1113.0,139,35,44.98263888888889,0.022230798919336162
1011,1118.0,1653,325,4.465363511659809,0.22394593349205127
1012,1119.0,3948,1048,1.4266424162257496,0.700946494108557
1013,1120.0,2873,1405,1.090404810298103,0.9170905984233622
1014,1121.0,1573,281,4.939772727272727,0.20243846330802853
1015,1122.0,2151,468,3.010387811634349,0.3321831147918104
1016,1123.0,1504,274,5.397083333333334,0.18528526210144367
1017,1124.0,144,46,35.041666666666664,0.028537455410225922
1018,1125.0,887,137,10.141744548286603,0.09860236522807558
1019,1126.0,1289,198,7.12555187637969,0.14034000697053017
1020,1127.0,187,57,25.36280487804878,0.03942781584325039
1021,1128.0,628,59,23.841856060606062,0.04194304325376335
1022,1129.0,536,50,28.53399122807018,0.03504592091611266
1026,1135.0,29,12,153.20833333333334,0.0065270601033451175
1027,1136.0,24,6,226.23958333333331,0.004420093006123671
1028,1137.0,78,13,68.00347222222221,0.014705131478172073
1029,1138.0,36,9,34.773809523809526,0.02875727490585416
1030,1139.0,114,24,34.263888888888886,0.02918524523713012
1033,1144.0,26,7,170.65833333333336,0.005859661116265442
1034,1145.0,3059,716,2.1649933065595715,0.4618951924563302
1035,1146.0,3256,1129,1.3268245182451823,0.7536791687589325
1036,1147.0,1836,1232,1.2603677621283258,0.7934192146515596
1037,1148.0,2812,428,3.3250509683995917,0.30074726959187587
1038,1149.0,274,26,48.81458333333334,0.02048568136229781
1039,1150.0,124,29,33.36507936507936,0.02997145575642246
1040,1151.0,20,11,169.70138888888889,0.00589270368703196
1042,1153.0,21,6,230.47916666666666,0.0043387869474826
1043,1154.0,74,27,53.92291666666665,0.018544990920681535
1047,1161.0,106,23,60.392156862745104,0.016558441558441557
1048,1162.0,345,69,28.61293859649123,0.03494922398926997
1049,1163.0,163,30,54.070833333333326,0.01849425907374586
1050,1164.0,40,22,77.55357142857143,0.012894312687082661
1054,1168.0,11,7,109.56666666666668,0.00912686340127776
1055,1169.0,18,29,42.71271929824561,0.023412229809518924
1056,1170.0,18,9,132.125,0.007568590350047304
1058,1172.0,243,40,34.62365591397849,0.028881987577639757
1059,1173.0,315,78,18.408625730994153,0.05432236032243974
1060,1174.0,242,111,13.836538461538458,0.07227241139680335
1061,1175.0,2447,523,2.718303946263644,0.36787644787644785
1062,1176.0,1636,176,8.661044973544975,0.11545950899163833
1063,1177.0,803,79,19.999999999999996,0.05000000000000001
1064,1178.0,62,22,63.57777777777778,0.015728766165676335
1065,1179.0,100,26,48.53703703703704,0.02060282334986646
1066,1180.0,35,43,37.99691358024691,0.026317927057103407
1069,1184.0,57,12,86.5324074074074,0.011556364025466802
1070,1185.0,72,14,83.64583333333333,0.011955168119551681
1071,1186.0,209,56,24.71171171171171,0.04046664236237696
1076,1195.0,707,140,10.346554487179487,0.09665053242981607
1077,1196.0,388,57,24.504734848484848,0.04080843992734861
1078,1197.0,4,6,10.270833333333334,0.0973630831643002
1080,1199.0,79,40,29.492424242424242,0.03390701258669407
1081,1200.0,1175,13290,0.17657866515266213,5.663198320903854
1082,1201.0,2993,561,2.8212890625,0.35444790584977504
1083,1202.0,1866,495,2.803756476683938,0.35666435666435664
1084,1203.0,2322,335,4.395242914979757,0.2275187104202648
1085,1204.0,3304,716,2.064047619047619,0.48448494636059525
1086,1205.0,849,196,7.754830917874395,0.12895187665472668
1087,1206.0,13,12,175.99166666666667,0.005682087220038827
1088,1207.0,39,14,125.32291666666667,0.007979386584656304
1089,1208.0,47,12,63.19444444444444,0.015824175824175824
1090,1209.0,120,11,42.78125,0.02337472607742878
1093,1214.0,80,16,187.18333333333334,0.005342355978986733
1096,1217.0,77,8,50.31944444444445,0.01987303339773668
1098,1219.0,17,8,200.05208333333334,0.004998698255662588
1100,1222.0,1039,252,5.633851468048359,0.17749846719803802
1101,1223.0,530,105,12.936728395061731,0.07729929619467969
1104,1227.0,1780,306,4.804882525697503,0.20812163349505292
1105,1228.0,2915,538,2.8215839860748475,0.35441085749537327
1106,1229.0,4553,1543,0.9818376068376069,1.0184983677910773
1107,1230.0,2706,587,2.6185431799838583,0.38189173569639756
1108,1231.0,1254,233,6.121408045977011,0.16336110785119118
1109,1232.0,152,46,38.163690476190474,0.02620291663417297
1110,1233.0,381,88,15.914828431372552,0.06283448196203749
1111,1234.0,624,55,24.121212121212125,0.041457286432160796
1112,1235.0,190,21,70.73055555555555,0.014138161253583631
1113,1236.0,145,20,85.9201388888889,0.01163871489189735
1114,1237.0,37,10,113.0138888888889,0.008848469952070786
1115,1238.0,1145,112,12.764880952380953,0.0783399393798088
1116,1239.0,898,72,19.64022435897436,0.05091591530333319
1117,1240.0,193,13,116.43055555555556,0.008588810688297746
1120,1244.0,139,18,89.47083333333333,0.011176826712615844
1121,1245.0,436,58,27.632675438596493,0.036189040117455655
1122,1246.0,181,40,47.225378787878775,0.021175055143372774
1125,1250.0,10,8,93.15277777777779,0.010735052929774861
1126,1251.0,19,10,108.38020833333331,0.009226776875390457
1127,1252.0,12,15,75.1698717948718,0.013303202148978809
1129,1254.0,70,15,103.93981481481482,0.009620952296111531
1131,1256.0,19,8,61.45833333333334,0.016271186440677963
1132,1259.0,50,17,73.92307692307692,0.013527575442247659
1133,1260.0,518,73,19.470454545454544,0.051359869265787325
1134,1261.0,311,23,62.848958333333336,0.015911162675064223
1136,1263.0,3069,525,2.8499562554680664,0.35088257866462014
1137,1264.0,829,370,4.015547263681592,0.2490320582313768
1138,1265.0,1826,3849,0.4014681153796404,2.4908578332662104
1139,1266.0,2469,468,3.288267875125881,0.30411147691600954
1140,1267.0,345,90,13.780701754385964,0.07256524506683641
1141,1268.0,459,81,17.110887096774192,0.05844232355367032
1142,1269.0,2008,343,4.253921568627451,0.2350772067296612
1143,1270.0,1815,149,10.022619047619047,0.09977431999049768
1144,1271.0,2252,1456,1.0572813938198555,0.9458219976680916
1145,1272.0,1640,369,4.514756944444444,0.2214958661795809
1146,1273.0,53,19,63.15,0.015835312747426764
1148,1276.0,505,66,24.466856060606062,0.040871618221929785
1149,1277.0,478,55,31.625,0.03162055335968379
1152,1280.0,103,8,120.59523809523809,0.008292201382033564
1155,1283.0,254,19,65.15972222222221,0.015346903975274434
1156,1284.0,433,57,23.132092198581553,0.04322998505346263
1157,1285.0,67,14,166.64583333333331,0.006000750093761721
1158,1286.0,70,12,130.7847222222222,0.007646153029257156
1162,1291.0,82,14,99.55833333333335,0.010044362601489913
1166,1295.0,34,10,69.95238095238095,0.014295439074200137
1167,1296.0,64,12,101.47222222222223,0.009854913769504516
1169,1298.0,88,20,66.70833333333333,0.014990630855715179
1170,1299.0,80,21,63.26960784313725,0.01580537692724878
1173,1302.0,22,11,224.59375,0.004452483651036594
1176,1307.0,125,25,46.68055555555555,0.021422195775066946
1177,1308.0,15,8,111.15476190476191,0.00899646567419942
1178,1309.0,113,35,37.42424242424242,0.026720647773279354
1179,1310.0,957,118,12.616869918699189,0.0792589609343536
1180,1311.0,2029,262,5.502763605442176,0.18172686884295927
1181,1312.0,2151,853,1.7607064920894708,0.5679538324489717
1182,1313.0,4449,2176,0.7073333333333334,1.413760603204524
1183,1314.0,1160,404,3.806140350877193,0.26273334869785664
1184,1315.0,754,132,11.594534050179213,0.08624753661269755
1185,1316.0,1416,128,10.889309764309765,0.09183318517373323
1186,1317.0,191,168,10.41952614379085,0.09597365429097894
1187,1318.0,659,246,6.489583333333333,0.15409309791332265
1188,1319.0,1930,414,3.4967637540453076,0.2859787135585377
1189,1320.0,562,61,24.15972222222222,0.04139120436907157
1190,1321.0,51,10,140.44642857142858,0.007120152574698029
1191,1322.0,14,8,167.45833333333334,0.005971634735008708
1192,1323.0,57,7,171.70833333333331,0.005823829167677748
1193,1324.0,44,14,111.83796296296298,0.008941507637537772
1194,1325.0,824,487,2.9573115349682113,0.33814496314496306
1195,1326.0,395,110,14.098888888888887,0.07092757506501696
1196,1327.0,91,25,59.369791666666664,0.016843582770418458
1197,1328.0,50,11,149.65476190476193,0.006682045978840187
1198,1329.0,65,7,151.17361111111111,0.006614911112131931
1199,1330.0,97,14,128.49404761904762,0.007782461666743874
1200,1331.0,38,7,100.5,0.009950248756218905
1201,1332.0,248,26,57.3578431372549,0.01743440731561405
1202,1333.0,204,23,51.47453703703704,0.01942708099114089
1203,1335.0,81,11,156.96666666666664,0.006370779358674879
1206,1338.0,59,17,193.58333333333331,0.005165733964700819
1207,1340.0,40,7,103.625,0.009650180940892641
1208,1341.0,791,669,2.198554421768707,0.4548443241152582
1209,1342.0,908,161,8.93353994490358,0.11193770959411017
1210,1343.0,113,33,40.16826923076923,0.024895272292040693
1211,1344.0,208,39,40.34134615384615,0.024788463830294365
1212,1345.0,98,9,162.25,0.0061633281972265025
1213,1346.0,67,7,154.125,0.006488240064882401
1215,1348.0,64,11,90.69642857142857,0.011025792478834416
1216,1349.0,92,30,47.21929824561404,0.021177781906000368
1217,1350.0,89,19,85.1625,0.01174225744899457
1222,1355.0,34,15,75.47222222222221,0.013249907986750093
1223,1356.0,37,12,109.09722222222223,0.009166136218968808
1224,1357.0,30,18,82.44791666666667,0.012128869235628552
1227,1361.0,151,23,65.671875,0.015227218653342851
1228,1362.0,505,455,3.4548941798941804,0.28944446571461385
1229,1363.0,2124,346,4.858630952380953,0.20581929555895861
1230,1364.0,48,17,69.90277777777777,0.014305583151202068
1231,1365.0,2104,336,4.6084039548022595,0.2169948662937706
1232,1366.0,2139,632,2.4589028094153385,0.40668545180839144
1233,1367.0,527,112,14.28828828828829,0.0699873896595208
1234,1368.0,33,6,192.41666666666666,0.00519705500216544
1236,1370.0,36,27,62.18333333333333,0.016081479496113642
1237,1371.0,6,6,114.59722222222221,0.008726215004241911
1238,1372.0,112,55,28.148026315789473,0.03552646955708776
1239,1373.0,1336,139,11.037414965986393,0.0906009244992296
1240,1374.0,391,31,50.898809523809526,0.019646824932756404
1242,1376.0,98,20,97.19166666666668,0.010288947955071593
1244,1379.0,46,10,213.425,0.004685486704931474
1245,1380.0,22,11,231.625,0.004317323259579061
1246,1381.0,113,9,142.89166666666665,0.006998308742054004
1247,1382.0,90,14,128.69270833333331,0.00777044801489336
1248,1384.0,515,78,19.7908950617284,0.05052828570314631
1249,1385.0,102,13,88.17708333333333,0.011340815121086829
1252,1388.0,45,6,264.6770833333333,0.0037781888307292693
1253,1389.0,7,32,37.84722222222222,0.026422018348623854
1255,1393.0,473,109,11.758333333333333,0.08504606661941885
1256,1394.0,560,106,12.76686507936508,0.07832776439505788
1257,1395.0,295,30,43.953947368421055,0.022751085166891182
1258,1396.0,872,354,4.06296992481203,0.24612537589636824
1259,1397.0,708,84,18.696637426900583,0.053485553426906994
1261,1400.0,79,21,69.01944444444446,0.014488670664466533
1262,1401.0,83,19,60.8359375,0.016437652497752666
1266,1406.0,59,20,67.38095238095238,0.014840989399293287
1267,1407.0,88,15,109.05555555555554,0.009169638308711158
1269,1410.0,11,9,153.17261904761904,0.006528581976450473
1270,1411.0,23,6,147.31666666666666,0.0067880982011539765
1271,1412.0,38,52,22.580426356589147,0.04428614341501094
1274,1417.0,134,14,65.68333333333332,0.015224562293834055
1275,1418.0,636,60,23.476190476190474,0.042596348884381345
1276,1419.0,294,21,59.59313725490196,0.01678045570453237
1277,1420.0,68,13,90.06018518518519,0.011103685806816428
1278,1421.0,46,9,165.8472222222222,0.0060296457583117
1279,1422.0,703,55,23.959325396825395,0.04173740217796365
1280,1423.0,1104,91,17.068055555555556,0.05858898201643746
1281,1424.0,262,35,41.65333333333333,0.024007682458386685
1283,1428.0,406,51,24.271317829457367,0.04120089428297668
1284,1429.0,97,20,68.89930555555556,0.014513934384921634
1286,1431.0,199,50,41.48397435897436,0.02410569419763579
1287,1432.0,1168,116,12.350852272727273,0.08096607245543415
1288,1434.0,22,6,139.39166666666668,0.0071740300113588805
1290,1437.0,90,28,61.43055555555555,0.01627854397467782
1292,1440.0,47,10,107.73958333333333,0.009281639756356957
1295,1443.0,108,9,107.38333333333333,0.009312432096849295
1296,1444.0,24,8,98.45000000000002,0.010157440325038089
1299,1448.0,41,53,26.48125,0.03776256785461411
1300,1449.0,35,18,68.70535714285715,0.014554905782975957
1305,1454.0,44,9,93.59722222222221,0.010684077756343672
1306,1455.0,570,83,17.812853107344633,0.05613923799706617
1307,1456.0,738,114,13.877670940170939,0.07205820085453636
1310,1460.0,11,10,128.34999999999997,0.007791195948578109
1315,1465.0,134,45,33.571839080459775,0.029786869810836253
1316,1467.0,36,7,193.55208333333334,0.005166567999569453
1318,1470.0,67,15,94.54924242424241,0.010576499338968794
1319,1471.0,69,24,61.274305555555564,0.016320054400181333
1320,1472.0,43,10,171.35416666666666,0.005835866261398177
1325,1478.0,89,9,72.37500000000001,0.013816925734024177
1326,1479.0,221,23,57.544117647058826,0.01737797086634296
1327,1481.0,217,22,73.46794871794872,0.013611377715731612
1328,1482.0,20,9,130.78125,0.007646356033452807
1329,1483.0,9,9,98.48214285714288,0.010154125113327287
1331,1485.0,27,14,128.16666666666669,0.007802340702210662
1332,1486.0,157,27,42.78993055555555,0.023369984176573218
1334,1488.0,290,85,17.61748633879781,0.056761786600496286
1335,1489.0,30,16,147.4404761904762,0.006782398062171981
1338,1493.0,333,63,18.186363636363637,0.05498625343664083
1339,1494.0,445,113,12.159644194756556,0.08223924845031377
1340,1495.0,98,7,203.18333333333334,0.004921663522270528
1341,1496.0,19,8,328.375,0.0030452988199467074
1342,1497.0,720,406,3.5693984547461373,0.280159251671756
1343,1498.0,4,23,77.68269230769229,0.012872880306968686
1344,1499.0,7,6,91.02083333333334,0.010986495765621423
1346,1501.0,57,6,143.63541666666666,0.006962071216186816
1347,1502.0,80,11,112.41071428571426,0.008895949166004767
1348,1503.0,95,6,247.59722222222226,0.004038817523980479
1349,1504.0,61,7,81.58333333333333,0.012257405515832483
1350,1505.0,87,20,87.81666666666666,0.011387360030366294
1351,1507.0,24,8,110.75000000000001,0.009029345372460496
1352,1510.0,15,16,80.07291666666667,0.012488617145830622
1353,1511.0,106,107,13.869123931623932,0.07210260755690791
1354,1512.0,13,75,18.92746913580247,0.052833265389319206
1355,1513.0,132,451,3.037360335195531,0.32923324520059777
1356,1514.0,62,9,69.84375,0.014317673378076063
1357,1515.0,86,29,49.329166666666666,0.02027198243094856
1358,1516.0,18,13,86.83333333333334,0.011516314779270632
1359,1517.0,52,15,124.015625,0.008063500062996094
1367,1527.0,34,15,100.35,0.009965122072745391
1368,1528.0,41,17,74.65705128205128,0.013394582063280813
1369,1529.0,112,16,80.1346153846154,0.012479001679865608
1371,1531.0,29,8,204.11111111111111,0.004899292324442025
1372,1532.0,107,30,48.5125,0.020613244009275958
1373,1533.0,79,13,103.69907407407408,0.009643287646769945
1378,1541.0,15,6,140.72916666666666,0.007105847520355293
1380,1543.0,126,30,54.763020833333336,0.01826049740834086
1381,1544.0,292,440,3.4611378205128207,0.28892232897326076
1384,1547.0,813,123,11.500448028673835,0.08695313413066344
1385,1548.0,1745,271,5.508805841924398,0.1815275449335257
1386,1549.0,5,8,433.625,0.0023061400980109543
1387,1550.0,65,18,58.104166666666664,0.017210469702402295
1388,1551.0,135,9,147.73333333333332,0.0067689530685920585
1389,1552.0,169,19,94.81060606060606,0.01054734318817419
1390,1553.0,343,37,37.11063218390805,0.026946455534476745
1391,1554.0,149,19,85.08333333333333,0.011753183153770814
1392,1555.0,86,8,207.775,0.004812898568162676
1394,1558.0,32,8,191.76041666666666,0.005214840567113912
1395,1559.0,144,12,123.39880952380953,0.00810380589455405
1399,1563.0,489,59,22.109601449275363,0.045229218730796016
1400,1564.0,147,73,20.20204402515723,0.04949994162742733
1401,1565.0,130,68,26.40625,0.0378698224852071
1402,1566.0,48,26,86.3875,0.011575748806250903
1403,1567.0,10,11,187.66666666666666,0.0053285968028419185
1404,1568.0,10,9,309.4791666666667,0.003231235274318411
1405,1569.0,33,6,31.395833333333332,0.03185136031851361
1406,1570.0,18,6,184.98958333333334,0.005405709780956135
1407,1573.0,30,12,80.328125,0.012448939894962069
1410,1578.0,6,16,86.22348484848486,0.011597768308219477
1413,1581.0,27,7,94.51666666666668,0.010580144595309468
1414,1583.0,14,7,125.1,0.007993605115907274
1416,1585.0,30,6,411.5,0.002430133657351154
1417,1586.0,54,11,156.35,0.0063959066197633516
1418,1587.0,9,6,616.75,0.0016214025131738954
1420,1590.0,23,57,22.00170068027211,0.04545103192393909
1422,1592.0,5,31,64.20192307692308,0.015575857420997452
1423,1593.0,141,32,44.05381944444445,0.022699507389162557
1424,1594.0,71,14,80.57291666666667,0.012411118293471234
1425,1595.0,104,194,7.935802469135804,0.12601120099564403
1426,1596.0,361,97,15.266666666666667,0.06550218340611354
1427,1597.0,170,19,63.85555555555556,0.015660344527579605
1429,1599.0,35,32,37.59920634920635,0.026596306068601583
1433,1606.0,14,10,149.5,0.006688963210702341
1436,1609.0,79,12,106.375,0.009400705052878966
1437,1610.0,207,33,39.795,0.025128785023244126
1438,1611.0,22,11,182.575,0.005477201150212242
1441,1615.0,703,107,13.949561403508772,0.07168684169155792
1442,1616.0,247,42,32.24596774193548,0.031011629361010384
1443,1617.0,302,58,32.920454545454554,0.03037625129444252
1444,1618.0,1055,418,3.396484375,0.2944220816561242
1445,1619.0,605,82,17.404569892473116,0.057456174221947647
1446,1620.0,350,21,75.67559523809523,0.013214299760097536
1448,1623.0,16,14,151.74404761904762,0.006590044325893382
1449,1624.0,37,10,145.65833333333336,0.006865381314720521
1452,1627.0,860,82,16.607142857142858,0.06021505376344086
1453,1628.0,69,25,48.09259259259259,0.020793222949557183
1455,1630.0,647,102,13.28802083333333,0.07525575196958414
1456,1631.0,1512,200,7.716607565011821,0.12959062535901658
1457,1632.0,1524,292,4.65450643776824,0.21484555094513602
1458,1633.0,269,70,19.966049382716047,0.0500850208687587
1461,1636.0,21,16,34.8,0.02873563218390805
1464,1640.0,100,22,60.17628205128206,0.01661784287616511
1465,1641.0,438,115,15.142605633802816,0.06603883269387281
1466,1642.0,13,7,192.875,0.005184705119896306
1468,1645.0,33,14,50.15625,0.019937694704049845
1470,1647.0,3,12,91.35,0.010946907498631636
1471,1648.0,8,52,23.442934782608695,0.042656775240523935
1473,1650.0,22,6,197.96875,0.005051302288871349
1474,1651.0,52,10,162.08333333333334,0.006169665809768637
1478,1656.0,30,7,211.66666666666669,0.004724409448818898
1479,1657.0,20,15,121.74305555555556,0.008214020877303062
1482,1661.0,49,7,77.59722222222223,0.012887059244675137
1484,1664.0,59,12,112.359375,0.008900013906271728
1486,1666.0,52,21,32.97083333333333,0.03032983697712625
1488,1668.0,63,25,59.9093137254902,0.01669189543018451
1489,1669.0,62,8,130.61666666666665,0.007655990812811026
1490,1671.0,63,9,136.19047619047618,0.007342657342657343
1491,1672.0,177,84,16.133207070707073,0.06198395617296027
1492,1673.0,776,390,3.6163888888888893,0.2765189338658883
1493,1674.0,1055,88,16.9453125,0.05901337021668972
1494,1675.0,804,35,37.20370370370371,0.026879044300647085
1497,1680.0,1044,63,25.071705426356594,0.039885599443456744
1498,1681.0,230,14,99.77604166666666,0.010022446103252076
1501,1685.0,55,24,69.37500000000001,0.014414414414414411
1502,1686.0,150,32,38.720238095238095,0.025826287471176018
1503,1687.0,1782,444,3.246766169154229,0.3079987741342323
1504,1688.0,1029,317,4.691451149425287,0.21315366357859278
1505,1689.0,374,68,21.1675,0.04724223455769458
1506,1690.0,52,13,90.37962962962962,0.011064440118840285
1507,1691.0,38,6,172.66666666666669,0.005791505791505791
1508,1692.0,43,14,64.775,0.015438054805094557
1509,1696.0,1118,133,11.264473684210529,0.08877467585562432
1510,1697.0,656,121,11.426418439716311,0.08751648692683685
1511,1698.0,8,17,106.45833333333333,0.00939334637964775
1512,1699.0,3,21,55.236111111111114,0.01810409856675886
1516,1705.0,23,16,71.17948717948717,0.01404899135446686
1524,1716.0,11,7,66.98333333333333,0.014929086837521772
1525,1720.0,50,6,158.08333333333334,0.0063257775434897206
1526,1721.0,50,10,256.9791666666667,0.0038913660316173488
1527,1722.0,643,114,15.089120370370368,0.06627291554805555
1528,1723.0,387,52,28.623903508771928,0.03493583604673434
1529,1724.0,45,37,28.338709677419356,0.035287421741605006
1530,1726.0,15,6,176.59375,0.0056627145637940185
1532,1729.0,127,36,64.41111111111111,0.015525271692254615
1533,1730.0,57,22,64.01190476190477,0.015622094104519245
1535,1734.0,12,7,133.775,0.007475238273219958
1536,1735.0,101,32,33.443910256410255,0.02990080981359912
1537,1736.0,80,15,92.52651515151514,0.010807712776845295
1538,1737.0,39,7,183.175,0.005459260270233383
1540,1739.0,22,6,333.0208333333333,0.0030028151391929938
1541,1740.0,17,7,165.3666666666667,0.006047167909695624
1542,1741.0,219,32,49.71759259259259,0.02011360461867958
1543,1742.0,694,810,1.767156862745098,0.565880721220527
1544,1743.0,850,135,10.510922330097088,0.09513912943078166
1546,1746.0,28,6,136.4375,0.007329363261566651
1548,1748.0,65,7,173.34375,0.005768884081485488
1549,1749.0,83,45,29.439814814814813,0.033967604969334805
1550,1750.0,2,6,281.0,0.0035587188612099642
1555,1758.0,51,16,81.59375000000001,0.012255840674071235
1556,1759.0,57,6,313.7361111111111,0.003187392093496835
1558,1762.0,731,83,20.41509433962264,0.048983364140480594
1559,1763.0,330,42,33.54022988505747,0.02981494174091844
1560,1764.0,35,9,113.59375,0.008803301237964236
1564,1768.0,24,14,118.55092592592592,0.008435193501776858
1566,1770.0,70,96,15.840909090909092,0.06312769010043041
1567,1771.0,26,16,126.68749999999999,0.007893438579181056
1574,1778.0,18,6,200.41666666666666,0.00498960498960499
1575,1780.0,1445,174,8.209605597964378,0.1218085312463678
1576,1781.0,2234,3425,0.4731913608216281,2.113309926587935
1577,1782.0,2230,344,4.050125313283209,0.24690594059405938
1578,1783.0,388,67,20.341194968553467,0.04916132024426063
1579,1784.0,228,985,1.1709943639291462,0.8539750752041257
1580,1785.0,11,14,117.8125,0.008488063660477453
1581,1786.0,62,25,61.02696078431374,0.016386200249005983
1583,1788.0,27,8,152.04861111111111,0.006576844028316967
1584,1789.0,33,8,143.46527777777777,0.0069703277022121115
1585,1790.0,111,34,36.23065476190476,0.027600936460344193
1586,1791.0,786,101,14.151315789473687,0.07066480706648069
1587,1792.0,72,10,86.89880952380952,0.011507637509418455
1589,1794.0,669,82,17.297222222222224,0.0578127509233981
1590,1795.0,1665,482,2.946948998178507,0.3393340029359499
1591,1796.0,291,55,24.57520325203252,0.0406914233727566
1592,1797.0,201,78,18.8132183908046,0.05315411638918588
1593,1798.0,55,30,44.63405797101449,0.022404415942852505
1597,1805.0,39,9,173.41666666666666,0.0057664584334454596
1598,1806.0,48,12,120.42261904761904,0.008304087786070882
1599,1807.0,119,15,98.65151515151516,0.010136691752418983
1600,1808.0,172,36,34.40029761904762,0.029069515940649736
1601,1809.0,6,18,93.54166666666666,0.01069042316258352
1602,1810.0,64,22,147.98333333333332,0.006757517738484064
1603,1811.0,101,17,86.59469696969697,0.011548051266348804
1604,1812.0,70,16,99.31547619047622,0.010068924183398258
1606,1814.0,171,18,69.60984848484848,0.014365783316101648
1607,1815.0,9,6,168.91666666666669,0.0059200789343857915
1610,1819.0,28,10,54.645833333333336,0.018299656881433472
1611,1820.0,45,9,120.45833333333333,0.008301625735039779
1617,1829.0,1470,134,10.346031746031745,0.09665541577170912
1618,1830.0,1366,593,2.3641502552881106,0.42298495950636333
1619,1831.0,779,220,6.173132183908046,0.16199231932968697
1620,1832.0,2049,232,6.836215932914046,0.14627975620040634
1621,1833.0,2,9,170.43750000000003,0.005867253392005866
1625,1837.0,143,57,23.73313492063492,0.04213518371441709
1626,1838.0,35,31,41.19565217391305,0.024274406332453823
1627,1839.0,77,29,59.82291666666667,0.01671600208950026
1628,1840.0,1350,241,5.800133689839572,0.17240981906188776
1629,1841.0,1044,543,2.7728528911564623,0.36063939893433516
1630,1842.0,685,537,2.7649491094147582,0.36167030944438056
1631,1843.0,53,24,63.78125,0.01567858892699657
1632,1844.0,98,52,29.68981481481482,0.03368158428192733
1633,1845.0,46,8,133.725,0.007478033277248084
1636,1850.0,242,31,41.76811594202898,0.02394170714781402
1637,1851.0,159,18,82.85763888888889,0.012068893265725182
1646,1862.0,62,21,89.54166666666666,0.011167985109353188
1647,1863.0,122,26,64.87777777777778,0.015413598218873094
1649,1865.0,248,22,63.18055555555555,0.015827654429544955
1650,1866.0,315,29,46.925724637681164,0.021310272941358142
1652,1870.0,91,10,130.81770833333334,0.007644225026874228
1653,1871.0,807,85,16.86543715846995,0.059292859746466316
1654,1872.0,176,11,167.05555555555557,0.005986032590621882
1656,1875.0,655,142,10.403721682847893,0.09611944941286261
1657,1876.0,110,8,126.69047619047618,0.00789325314790453
1662,1883.0,133,24,49.44010416666667,0.02022649460100079
1663,1884.0,846,95,14.756278538812788,0.0677677638958728
1664,1885.0,26,9,123.80833333333335,0.008077000740391733
1666,1887.0,1271,123,12.290708812260535,0.08136227253243972
1667,1888.0,316,44,32.388888888888886,0.030874785591766728
1670,1893.0,56,19,73.62179487179488,0.013582934262080975
1671,1895.0,21,7,173.36666666666665,0.005768121515093252
1672,1896.0,502,73,17.341530054644807,0.05766503860091383
1673,1897.0,1130,327,4.582457983193278,0.21822349570200572
1674,1898.0,747,195,7.614143192488262,0.1313345408300898
1675,1899.0,1767,266,6.036282771535581,0.16566486989568385
1676,1900.0,550,149,9.965342679127728,0.10034777851588447
1677,1901.0,253,40,30.675781249999996,0.03259900674901312
1678,1902.0,222,34,39.66826923076923,0.02520906556780996
1679,1903.0,68,13,132.65104166666666,0.007538576308453415
1680,1904.0,80,37,33.02160493827161,0.030283204037760535
1681,1905.0,266,45,35.79166666666667,0.027939464493597202
1682,1906.0,200,56,40.38949275362319,0.024758914554832923
1684,1908.0,8,6,131.80208333333334,0.007587133486129771
1688,1915.0,33,289,5.015339966832505,0.1993882780854757
1689,1916.0,12,6,173.86666666666667,0.005751533742331288
1691,1918.0,83,19,48.797619047619044,0.020492803122712858
1696,1925.0,45,16,70.06410256410257,0.014272644098810612
1697,1926.0,71,19,65.82196969696969,0.015192495827818382
1698,1927.0,24,16,507.85416666666663,0.001969069204578086
1702,1934.0,81,12,69.77777777777777,0.014331210191082805
1703,1936.0,373,36,41.94551282051282,0.02384045235730114
1704,1937.0,1387,171,9.723214285714286,0.10284664830119375
1705,1938.0,1430,1110,1.3276679027606098,0.7532004034447979
1706,1939.0,156,24,71.1638888888889,0.014052070728755998
1707,1940.0,46,8,175.75,0.005689900426742532
1708,1941.0,52,16,148.45238095238096,0.00673616680032077
1709,1942.0,274,28,49.65131578947369,0.020140453160196102
1710,1943.0,39,7,149.46875,0.00669036169767928
1712,1945.0,38,7,201.44444444444446,0.004964147821290678
1713,1947.0,26,9,171.47916666666669,0.005831612197788846
1717,1951.0,23,12,117.09722222222223,0.008539912228679872
1718,1952.0,1277,142,10.041269841269843,0.09958899778691115
1719,1953.0,394,57,21.622222222222224,0.046248715313463515
1722,1956.0,86,13,128.015625,0.0078115464420847065
1724,1959.0,20,7,225.27777777777774,0.0044389642416769425
1725,1960.0,579,67,23.697222222222223,0.04219903879967178
1726,1961.0,776,182,7.944647201946471,0.1258709134063242
1727,1962.0,102,14,106.37962962962962,0.009400295935242407
1728,1963.0,47,10,97.609375,0.010244917560429006
1729,1965.0,36,113,12.235321969696969,0.08173058318176542
1730,1966.0,61,8,169.66666666666669,0.005893909626719056
1731,1967.0,25,8,136.8,0.007309941520467836
1732,1968.0,36,7,193.375,0.005171299288946348
1733,1969.0,487,105,13.100823045267488,0.07633108214229622
1734,1970.0,361,76,18.76466049382716,0.05329166495332867
1735,1971.0,47,10,105.83796296296298,0.00944840558155811
1737,1973.0,23,15,40.404761904761905,0.024749558043606363
1738,1974.0,37,7,186.80555555555554,0.005353159851301115
1740,1976.0,260,83,16.742948717948718,0.059726635782380647
1741,1977.0,104,29,60.656862745098046,0.016486180701470825
1742,1978.0,79,10,142.80555555555557,0.007002528690916164
1743,1979.0,43,9,119.234375,0.0083868431398244
1745,1981.0,19,12,120.71527777777777,0.00828395558879365
1749,1985.0,23,6,284.13888888888886,0.0035194056114967254
1751,1987.0,36,10,127.28571428571429,0.007856341189674522
1752,1989.0,36,11,118.69270833333333,0.008425117381192681
1754,1992.0,10,6,240.66666666666666,0.004155124653739612
1757,1998.0,91,23,44.106249999999996,0.022672523735298288
1758,1999.0,267,71,27.538461538461533,0.03631284916201118
1759,2000.0,255,25,76.84294871794872,0.013013555787278416
1760,2001.0,14,9,118.43055555555556,0.00844376685821508
1766,2009.0,88,8,141.28472222222226,0.007077906119439664
1770,2014.0,25,9,183.3,0.005455537370430987
1771,2015.0,266,35,40.48397435897436,0.024701132135222865
1778,2023.0,91,14,135.43229166666669,0.007383763411914009
1780,2025.0,26,9,209.83333333333334,0.004765687053216838
1781,2028.0,35,12,96.92916666666666,0.010316812105059537
1782,2029.0,207,72,18.700292397660817,0.053475099679462124
1783,2030.0,202,91,16.345052083333332,0.061180594280251736
1784,2031.0,43,7,193.08333333333334,0.005179110919292188
1785,2032.0,20,7,240.01041666666666,0.00416648582960809
1786,2033.0,68,22,53.34429824561405,0.01874614594039054
1788,2036.0,20,21,64.47321428571429,0.015510317130591329
1789,2037.0,153,24,56.3,0.017761989342806397
1792,2042.0,25,9,155.48333333333332,0.006431557508843392
1794,2045.0,36,6,711.4166666666666,0.0014056460114794426
1801,2053.0,35,8,138.94791666666669,0.007196941299947521
1806,2060.0,1,10,112.23958333333334,0.008909512761020881
1807,2061.0,291,34,37.32986111111111,0.026788205748302485
1808,2062.0,37,14,99.28333333333333,0.010072183985227464
1810,2064.0,145,26,52.443627450980394,0.01906809365798944
1811,2065.0,271,45,33.49088541666667,0.02985887018389642
1812,2066.0,490,90,16.70576923076923,0.05985956026246115
1813,2067.0,16,6,149.45833333333334,0.0066908279899637576
1819,2073.0,35,33,47.229166666666664,0.0211733568592854
1820,2074.0,102,31,44.90079365079365,0.022271321254971277
1822,2076.0,57,8,260.43055555555554,0.0038397952109220845
1824,2078.0,239,37,52.10526315789474,0.01919191919191919
1825,2079.0,77,33,40.865384615384606,0.024470588235294122
1826,2080.0,13,6,189.3472222222222,0.00528130272133793
1830,2084.0,79,14,97.75,0.010230179028132993
1831,2085.0,87,21,54.544642857142854,0.018333606154853497
1832,2086.0,48,6,131.29166666666666,0.007616629641383688
1833,2087.0,36,19,88.05416666666666,0.011356646003880188
1839,2093.0,9,13,92.52777777777777,0.010807565295706995
1840,2094.0,47,16,104.52777777777779,0.009566834972096731
1841,2095.0,106,14,129.22916666666666,0.007738191197807513
1842,2096.0,229,65,23.529069767441865,0.042500617741536934
1843,2098.0,32,8,143.85,0.006951685783802572
1846,2107.0,73,16,125.52083333333333,0.007966804979253112
1853,2114.0,209,29,43.53787878787879,0.022968505307116756
1855,2116.0,21,10,158.05555555555557,0.006326889279437609
1857,2118.0,253,21,116.06770833333331,0.008615660758357641
1858,2119.0,486,329,4.938940092165899,0.20247259155586658
1859,2120.0,663,373,3.902075812274368,0.2562738522030762
1860,2121.0,89,22,49.83771929824562,0.020065123646924227
1865,2127.0,37,18,49.26923076923076,0.020296643247462925
1866,2128.0,356,108,12.12595785440613,0.08246771199494451
1868,2130.0,38,35,45.3731884057971,0.022039447416753174
1869,2131.0,18,7,109.15277777777779,0.009161470925054078
1870,2133.0,28,10,110.30208333333333,0.009066011899140618
1871,2134.0,31,7,263.54166666666663,0.003794466403162056
1876,2139.0,11,10,171.03333333333336,0.005846813486649775
1878,2141.0,40,6,167.51388888888889,0.0059696542575242515
1879,2142.0,61,13,104.46759259259257,0.009572346554398406
1880,2143.0,19,7,141.05,0.007089684509039347
1881,2144.0,58,12,83.4375,0.01198501872659176
1882,2145.0,195,58,31.90277777777777,0.03134523291249457
1883,2146.0,40,12,84.87962962962962,0.011781389767644814
1888,2151.0,14,21,50.23684210526316,0.01990570979570456
1891,2155.0,13,9,204.9375,0.004879536444037816
1892,2156.0,19,12,187.725,0.005326941004128379
1893,2157.0,32,7,169.25,0.005908419497784343
1900,2169.0,90,30,41.59027777777778,0.024044080814827184
1901,2170.0,587,240,5.748431899641578,0.1739604847823545
1902,2171.0,198,35,37.15064102564103,0.026917435941678888
1905,2174.0,98,19,63.078125,0.015853356452811492
1906,2175.0,94,10,194.35,0.005145356315924878
1908,2177.0,59,6,75.52083333333333,0.013241379310344829
1916,2193.0,3,6,104.125,0.009603841536614645
1919,2197.0,34,10,152.82738095238093,0.006543330087633886
1922,2203.0,76,8,129.07142857142858,0.007747648035417819
1924,2205.0,109,7,94.925,0.010534632604687911
1925,2206.0,329,52,29.486904761904757,0.03391335944123704
1926,2207.0,78,13,166.97222222222223,0.005989020129762102
1928,2210.0,14,11,92.15476190476191,0.010851311200103344
1929,2212.0,8,15,69.31597222222221,0.014426689375344389
1931,2214.0,18,8,116.86458333333333,0.008556912380782601
1940,2226.0,40,8,181.4,0.005512679162072767
1944,2231.0,137,28,55.36342592592594,0.01806246602834803
1945,2232.0,540,77,23.17844202898551,0.0431435382390871
1946,2233.0,188,81,24.887896825396822,0.04018017299796708
1947,2234.0,503,110,12.73958333333333,0.07849550286181523
1953,2248.0,48,10,85.56944444444446,0.011686414543093653
1961,2257.0,38,6,224.82291666666669,0.004447945142009915
1962,2259.0,107,13,99.36309523809526,0.010064098724016052
1963,2260.0,474,72,18.941964285714285,0.05279283525807212
1964,2261.0,36,8,192.05208333333334,0.005206920865650594
1966,2263.0,17,7,85.0,0.011764705882352941
1967,2266.0,435,85,17.45218579234973,0.05729941291585126
1969,2269.0,25,11,96.90476190476191,0.010319410319410319
1970,2270.0,16,8,149.05555555555554,0.006708907938874395
1971,2272.0,94,12,137.04761904761907,0.00729673384294649
1972,2273.0,1948,203,6.898387096774194,0.14496142155716624
1973,2274.0,59,27,74.1111111111111,0.013493253373313346
1976,2280.0,32,6,211.47916666666663,0.004728598167668211
1977,2281.0,323,35,45.28921568627452,0.022080311722047836
1980,2287.0,49,7,174.6,0.00572737686139748
1983,2291.0,7,7,185.24166666666665,0.005398353502181835
1984,2292.0,78,11,89.82500000000002,0.011132758140829388
1985,2293.0,204,24,53.476851851851855,0.018699679681412864
1990,2300.0,29,11,119.50925925925928,0.00836755249089641
1993,2307.0,235,36,35.677777777777784,0.02802865151043288
1997,2312.0,46,11,174.4861111111111,0.005731115179495344
1998,2313.0,21,14,113.18749999999999,0.00883489784649365
1999,2314.0,51,10,181.70833333333331,0.005503324925475809
2000,2315.0,67,18,77.52314814814815,0.012899372947148402
2001,2316.0,73,9,211.4375,0.004729530002955957
2002,2317.0,232,33,42.42666666666667,0.02357008170961659
2003,2318.0,74,9,148.25833333333335,0.006744983418582429
2004,2319.0,44,62,20.682189542483663,0.04835078016985976
2005,2320.0,38,9,102.42857142857143,0.009762900976290097
2006,2322.0,108,9,178.40833333333336,0.005605119342332663
2007,2323.0,1539,181,8.553805774278219,0.11690702669530526
2008,2324.0,309,49,33.83064516129033,0.02955899880810488
2015,2331.0,27,8,153.40972222222223,0.0065184916934498205
2016,2332.0,108,10,80.5625,0.012412723041117145
2020,2336.0,27,10,78.74074074074073,0.012699905926622767
2023,2340.0,13,6,124.90833333333333,0.008005870972046168
2024,2341.0,48,15,98.39393939393939,0.010163227594702803
2025,2342.0,109,31,41.576388888888886,0.024052112911307835
2031,2349.0,31,9,214.37499999999997,0.004664723032069972
2032,2350.0,32,15,66.23863636363637,0.015096929147366612
2035,2353.0,53,10,209.47916666666666,0.004773744405768275
2037,2355.0,42,7,209.98958333333331,0.004762140979215239
2039,2358.0,18,7,159.60416666666666,0.006265500587390681
2042,2361.0,44,10,110.66666666666667,0.009036144578313253
2046,2366.0,29,17,133.61458333333331,0.0074842129882279574
2048,2368.0,47,8,160.5625,0.006228104320747372
2049,2369.0,298,49,26.75625,0.03737444522307872
2051,2373.0,13,7,121.83333333333334,0.008207934336525308
2052,2374.0,65,7,249.66666666666669,0.004005340453938584
2053,2375.0,36,15,121.40277777777777,0.008237043816496968
2054,2376.0,75,16,63.39772727272726,0.015773436099659442
2058,2381.0,139,13,92.97395833333333,0.010755699960786512
2061,2384.0,23,9,224.625,0.004451864218141347
2062,2385.0,154,58,19.78351449275363,0.05054713612014101
2063,2386.0,162,47,27.279761904761905,0.0366572114335588
2067,2390.0,222,31,57.780092592592595,0.017306998918312565
2068,2391.0,494,48,28.045940170940167,0.03565578454154128
2070,2393.0,53,12,141.86309523809524,0.00704904963705786
2071,2394.0,13,9,131.40277777777777,0.007610189197759222
2072,2396.0,40,8,182.1833333333333,0.005488976305918947
2073,2397.0,94,7,143.01041666666669,0.006992497632748196
2074,2398.0,14,12,100.95833333333333,0.009905076351630212
2077,2402.0,17,7,159.79166666666669,0.006258148631029986
2080,2405.0,16,7,137.58333333333334,0.00726832222895215
2081,2406.0,45,14,86.57870370370371,0.011550184482113255
2084,2409.0,55,26,49.785416666666656,0.020086203289115794
2089,2416.0,20,7,157.44166666666666,0.006351558778383529
2094,2423.0,34,9,128.71428571428572,0.007769145394006659
2097,2429.0,46,9,154.58928571428572,0.006468753609795541
2101,2433.0,49,12,178.3,0.005608524957936062
2102,2434.0,33,9,101.14285714285714,0.009887005649717515
2105,2437.0,37,9,159.78125,0.006258556620379425
2106,2438.0,360,46,29.352941176470587,0.03406813627254509
2107,2439.0,55,13,77.63541666666667,0.012880719173487185
2110,2442.0,26,7,193.06666666666666,0.0051795580110497235
2111,2443.0,84,38,43.75000000000001,0.022857142857142854
2115,2447.0,51,13,49.73611111111111,0.02010611561016476
2121,2454.0,147,64,20.419270833333332,0.04897334523657697
2122,2455.0,214,24,48.18872549019608,0.020751742027363816
2123,2456.0,113,27,50.21271929824561,0.019915272743154126
2124,2457.0,41,8,126.9861111111111,0.007874876955047579
2125,2459.0,53,21,95.10416666666667,0.010514786418400876
2129,2465.0,36,6,189.29166666666669,0.005282852740479858
2130,2467.0,70,11,126.85416666666667,0.00788306782722943
2131,2468.0,511,186,7.998433583959899,0.12502448004386826
2133,2472.0,67,16,86.70416666666668,0.011533471094238069
2134,2473.0,44,9,130.46666666666664,0.007664793050587636
2136,2475.0,24,6,353.6666666666667,0.0028275212064090478
2137,2477.0,226,48,32.52651515151515,0.030744148130895543
2142,2484.0,318,83,16.32386363636364,0.06126000696136441
2143,2485.0,178,18,78.48263888888889,0.01274167145954077
2144,2486.0,71,12,92.34722222222223,0.010828696044517971
2149,2493.0,99,23,58.370098039215684,0.017132059626285955
2151,2496.0,149,38,35.532407407407405,0.028143322475570033
2155,2502.0,21,6,891.2916666666666,0.001121967182459913
2156,2503.0,133,81,16.74230769230769,0.059728922582127274
2157,2504.0,38,13,74.75,0.013377926421404682
2160,2509.0,194,46,35.847756410256416,0.027895748580624966
2161,2510.0,220,55,27.0,0.037037037037037035
2162,2511.0,147,21,52.88970588235294,0.018907270957875713
2163,2512.0,40,11,78.89351851851852,0.012675312481661875
2168,2519.0,130,45,40.38166666666667,0.02476371290602171
2169,2520.0,23,7,96.82291666666667,0.010328133405056481
2170,2521.0,12,13,58.0189393939394,0.017235751126199645
2171,2522.0,30,10,60.479166666666664,0.0165346193592835
2174,2525.0,126,38,32.33080808080808,0.030930250722486913
2176,2527.0,268,107,13.127032520325205,0.07617867925989005
2177,2528.0,178,69,19.71813725490196,0.050714729645742695
2180,2532.0,185,39,40.27564102564103,0.024828903390100267
2181,2533.0,1339,447,3.4777689030883923,0.2875406698564593
2182,2534.0,105,18,77.84935897435898,0.012845320927168677
2183,2535.0,59,16,93.68939393939395,0.010673566750222364
2184,2536.0,51,7,194.0625,0.0051529790660225444
2190,2542.0,50,9,94.484375,0.010583760542417728
2192,2544.0,70,12,95.92916666666666,0.010424358250445208
2194,2546.0,22,16,94.04166666666666,0.010633584404076208
2195,2547.0,58,18,73.65972222222223,0.013575940416705947
2196,2548.0,283,94,14.380281690140844,0.06953966699314398
2197,2549.0,59,6,229.19791666666669,0.004363041403444985
2199,2551.0,27,7,227.19791666666666,0.004401448810233369
2200,2553.0,92,22,72.51190476190476,0.013790838942702348
2201,2554.0,63,11,94.3888888888889,0.01059446733372572
2204,2560.0,20,8,122.76041666666666,0.00814594823928723
2205,2561.0,41,10,95.54166666666667,0.010466637592673354
2215,2573.0,356,58,25.419573643410853,0.039339762894064725
2216,2574.0,127,27,44.90972222222222,0.022266893459100046
2217,2575.0,182,23,57.30654761904763,0.01745001298364061
2218,2576.0,337,57,26.6965811965812,0.037457979830318545
2222,2580.0,46,13,95.57738095238095,0.01046272653671296
2223,2581.0,879,107,13.63961038961039,0.07331587717210188
2224,2582.0,124,22,52.66944444444445,0.018986340382891195
2228,2587.0,87,7,144.62500000000003,0.006914433880726014
2230,2589.0,25,7,62.74166666666666,0.0159383716296985
2231,2590.0,31,18,79.28472222222221,0.012612770430060437
2232,2592.0,99,33,58.81127450980392,0.01700354240466764
2234,2596.0,122,22,49.77696078431373,0.020089615441429905
2235,2597.0,32,12,54.2,0.01845018450184502
2236,2598.0,33,9,139.16666666666666,0.007185628742514971
2240,2604.0,20,11,135.2013888888889,0.007396373722327802
2241,2605.0,32,19,65.65384615384616,0.015231400117164614
2248,2615.0,66,9,230.5972222222222,0.004336565680901043
2252,2619.0,116,35,44.84722222222222,0.022297925054196345
2253,2620.0,32,6,167.84722222222223,0.005957798924286305
2257,2625.0,255,41,32.58207070707071,0.030691726409610535
2260,2631.0,888,111,12.84509803921569,0.07785070981529535
2261,2632.0,152,16,97.8425925925926,0.010220497776095391
2262,2633.0,41,8,90.4375,0.0110573600552868
2263,2634.0,435,136,9.320427728613568,0.10729121335601537
2264,2635.0,792,566,2.590311004784689,0.38605402909258835
2269,2641.0,17,7,146.28333333333336,0.006836048763814514
2270,2642.0,37,9,109.1388888888889,0.009162636803257825
2276,2652.0,24,9,154.70833333333331,0.00646377592243469
2278,2654.0,18,6,180.45833333333331,0.005541445393673517
2280,2656.0,43,8,101.08333333333334,0.00989282769991756
2282,2658.0,22,9,147.02083333333334,0.006801757120589485
2285,2662.0,72,6,204.20833333333331,0.004896959804121608
2286,2663.0,55,13,179.10416666666666,0.0055833430266371996
2287,2665.0,16,25,37.760416666666664,0.026482758620689658
2289,2667.0,27,9,99.11309523809526,0.010089484115068163
2290,2668.0,23,7,280.02777777777777,0.003571074298184704
2291,2670.0,154,27,55.642543859649116,0.01797185985102274
2292,2671.0,75,14,77.73958333333333,0.012863459734691144
2293,2672.0,127,21,54.10833333333334,0.018481441552441087
2294,2673.0,966,1875,0.7887962962962963,1.2677544312712759
2295,2674.0,457,196,6.6514917695473255,0.1503422141448513
2296,2675.0,868,270,5.4873096446700504,0.18223866790009252
2297,2676.0,39,6,168.10833333333332,0.005948545085014624
2300,2679.0,78,14,66.22916666666666,0.015099087763447627
2301,2682.0,35,8,129.08928571428572,0.007746576289943284
2304,2686.0,50,6,102.0,0.00980392156862745
2307,2693.0,16,6,182.55,0.005477951246233908
2309,2697.0,48,12,118.484375,0.008439931425557167
2310,2698.0,55,6,101.22916666666669,0.009878575838649926
2312,2700.0,57,6,234.05208333333331,0.004272553295651787
2316,2708.0,5,6,531.0,0.0018832391713747645
2318,2710.0,211,24,55.59444444444444,0.01798740881383032
2319,2711.0,216,104,13.418803418803419,0.07452229299363057
2320,2712.0,29,8,158.34722222222223,0.0063152355056573985
2321,2713.0,107,23,55.955729166666664,0.017871271001070416
2323,2715.0,32,11,110.68452380952382,0.009034686743748318
2325,2717.0,29,6,132.34375,0.007556080283353011
2328,2720.0,30,16,56.69642857142857,0.01763779527559055
2331,2723.0,23,7,139.02083333333334,0.0071931664918327585
2336,2728.0,27,22,41.67401960784314,0.02399576545315532
2340,2732.0,20,9,84.86111111111111,0.011783960720130932
2341,2735.0,3,6,470.58333333333337,0.0021250221356472463
2342,2736.0,44,6,240.9722222222222,0.004149855907780981
2343,2737.0,76,16,110.9375,0.009014084507042254
2344,2738.0,383,31,47.67460317460318,0.02097552855002497
2346,2740.0,8,6,43.854166666666664,0.02280285035629454
2347,2741.0,83,13,103.94444444444446,0.009620523784072688
2348,2742.0,126,13,98.67083333333333,0.010134707149191334
2353,2747.0,5,8,137.29166666666669,0.007283763277693474
2359,2753.0,36,8,140.525,0.007116171499733143
2363,2757.0,41,16,55.5625,0.01799775028121485
2364,2758.0,511,88,22.881205673758867,0.04370399070127857
2366,2760.0,42,8,216.6416666666667,0.004615917221217832
2367,2761.0,95,17,120.25520833333333,0.008315648144137901
2368,2762.0,43,10,175.96666666666664,0.0056828944875923475
2371,2765.0,65,8,59.708333333333336,0.01674808094905792
2375,2770.0,31,6,180.66666666666666,0.005535055350553506
2376,2771.0,35,9,138.9375,0.007197480881691408
2379,2774.0,390,510,3.0627934272300466,0.3264993293734432
2380,2775.0,1105,918,1.5652252906976745,0.6388856645385954
2381,2776.0,154,50,23.650641025641026,0.04228215205312373
2382,2777.0,44,7,94.59375,0.010571522960026428
2383,2778.0,75,15,84.02651515151514,0.011901005274309156
2387,2782.0,99,6,178.625,0.005598320503848845
2389,2784.0,77,7,135.76388888888889,0.007365728900255755
2394,2789.0,58,7,223.70833333333334,0.004470106165021419
2395,2790.0,75,31,54.188596491228076,0.01845406717927964
2396,2791.0,32,7,104.7361111111111,0.009547805330857978
2397,2793.0,37,6,226.22222222222226,0.004420432220039292
2398,2794.0,37,8,252.38541666666666,0.0039621940649634734
2399,2795.0,280,33,43.744791666666664,0.022859864269555902
2403,2801.0,428,37,32.02016129032258,0.03123032363682156
2404,2802.0,367,136,11.136054421768707,0.08979841172877215
2409,2809.0,29,6,167.625,0.005965697240865026
2413,2813.0,33,20,64.60000000000001,0.01547987616099071
2414,2814.0,199,25,59.42592592592593,0.016827672172016202
2416,2816.0,16,14,81.71969696969697,0.012236951886530083
2417,2817.0,34,11,119.23214285714286,0.00838700014976786
2419,2819.0,57,9,128.72395833333331,0.007768561602265832
2423,2824.0,225,17,87.25,0.011461318051575931
2424,2825.0,181,23,55.78472222222222,0.01792605502303
2432,2835.0,54,25,49.061403508771924,0.02038262113355981
2433,2836.0,29,11,75.08796296296296,0.013317713792465626
2435,2838.0,40,12,82.03703703703704,0.01218961625282167
2436,2839.0,52,16,50.96875,0.019619865113427344
2437,2840.0,25,7,218.01041666666669,0.004586936786277414
2438,2841.0,48,9,104.81944444444444,0.009540214654829734
2439,2842.0,58,26,72.775,0.013740982480247337
2444,2848.0,37,6,133.58333333333334,0.007485963817841546
2449,2856.0,9,6,120.96666666666667,0.008266740148801322
2451,2858.0,7,6,160.33333333333334,0.0062370062370062365
2455,2865.0,14,10,95.54761904761904,0.010465985546972341
2466,2884.0,24,9,117.21875,0.008531058384430818
2470,2891.0,32,9,100.31944444444444,0.009968157275370345
2477,2899.0,33,11,94.28125,0.010606562810739144
2478,2900.0,10,6,65.68055555555556,0.015225206174666949
2480,2904.0,2,6,316.4375,0.003160181710448351
2482,2906.0,99,17,93.6060606060606,0.01068306895435416
2483,2907.0,60,16,144.63194444444443,0.006914101886973641
2484,2908.0,181,26,50.03373015873016,0.019986517032160846
2485,2909.0,19,8,123.3125,0.008109477952356817
2486,2910.0,32,11,169.24166666666667,0.0059087104239499725
2492,2916.0,14,13,100.63541666666666,0.009936859538350069
2494,2923.0,2,12,62.98750000000001,0.015876165905933715
2502,2941.0,2,9,196.99166666666665,0.0050763568678878134
